recording_id,device_id,start_time,object_uri,file_size_bytes,sha256
MAIN_5JAM_20260924_133000,MAIN_5JAM,2026-09-24T06:30:00Z,s3://audiomoth/MAIN_5JAM/2026-09-24/20260924_133000.WAV,3520800,ab9d6fcc164d9599e9b09acc83514fc25e11a020b2dda2696928a218f01432b5
MAIN_5JAM_20260924_133100,MAIN_5JAM,2026-09-24T06:31:00Z,s3://audiomoth/MAIN_5JAM/2026-09-24/20260924_133100.WAV,3520800,0c74d2d35469806985545b0bdf24319e859f2bb50ce2c28cf743ec8dfcb055a1
MAIN_5JAM_20260924_133200,MAIN_5JAM,2026-09-24T06:32:00Z,s3://audiomoth/MAIN_5JAM/2026-09-24/20260924_133200.WAV,3520800,4fea45de202dd33ab0143397b239eaf5548c22343e89bc0c7bf7417c862680f3
MAIN_5JAM_20260924_133300,MAIN_5JAM,2026-09-24T06:33:00Z,s3://audiomoth/MAIN_5JAM/2026-09-24/20260924_133300.WAV,3520800,520e90bc984936e11d9c706d9851b43a6d17573f33a3067f30c26a47dc5fd569
MAIN_5JAM_20260924_133400,MAIN_5JAM,2026-09-24T06:34:00Z,s3://audiomoth/MAIN_5JAM/2026-09-24/20260924_133400.WAV,3520800,dee308b1eaf416015883083c253ca7d58811f7d71f7dd16cee9a2f46033cce0d
MAIN_5JAM_20260924_133500,MAIN_5JAM,2026-09-24T06:35:00Z,s3://audiomoth/MAIN_5JAM/2026-09-24/20260924_133500.WAV,3520800,21ca978702b89f324e0c8904369020b612594efaac33f1a0c757975e77eaf6d6
MAIN_5JAM_20260924_133600,MAIN_5JAM,2026-09-24T06:36:00Z,s3://audiomoth/MAIN_5JAM/2026-09-24/20260924_133600.WAV,3520800,b685668dc3089ddd4bf202fe32e5e53dd28f98772379a1d77c781f5d3d018256
MAIN_5JAM_20260924_133700,MAIN_5JAM,2026-09-24T06:37:00Z,s3://audiomoth/MAIN_5JAM/2026-09-24/20260924_133700.WAV,3520800,35878f30e2b60393dc0b3709d23afc1bbd04b61f92651aec4ffdce9c676b3b80
MAIN_5JAM_20260924_133800,MAIN_5JAM,2026-09-24T06:38:00Z,s3://audiomoth/MAIN_5JAM/2026-09-24/20260924_133800.WAV,3520800,84950216e2acbc8763d78767aa8ece237a852c95c2a8be01efd7e8bb869259c3
MAIN_5JAM_20260924_133900,MAIN_5JAM,2026-09-24T06:39:00Z,s3://audiomoth/MAIN_5JAM/2026-09-24/20260924_133900.WAV,3520800,e4a0bdefaf459e21e48d588822dbe5b3beb992d2fc09372c45be09c94cac48de
MAIN_5JAM_20260924_134000,MAIN_5JAM,2026-09-24T06:40:00Z,s3://audiomoth/MAIN_5JAM/2026-09-24/20260924_134000.WAV,3520800,a5b15496a6a67f5307ab7135958b192671a09b1599dc3d58502256633cec5fad
MAIN_5JAM_20260924_134100,MAIN_5JAM,2026-09-24T06:41:00Z,s3://audiomoth/MAIN_5JAM/2026-09-24/20260924_134100.WAV,3520800,5c34cc7af09aeea9c137c4ecadac5fe36b588607ab1b88c1219baf6ac7cff439
MAIN_5JAM_20260924_134200,MAIN_5JAM,2026-09-24T06:42:00Z,s3://audiomoth/MAIN_5JAM/2026-09-24/20260924_134200.WAV,3520800,32ee5b9e693f3870b6a09ec343d6813f793bacc0a202c5d171f7153562d13037
MAIN_5JAM_20260924_134300,MAIN_5JAM,2026-09-24T06:43:00Z,s3://audiomoth/MAIN_5JAM/2026-09-24/20260924_134300.WAV,3520800,2bb5673dd6d8c0def7aa235a3a2b893ebe25e826f4658f33b66389f28f7c92e0
MAIN_5JAM_20260924_134400,MAIN_5JAM,2026-09-24T06:44:00Z,s3://audiomoth/MAIN_5JAM/2026-09-24/20260924_134400.WAV,3520800,4544dc6fa94f3e84901c3a899122bf343336fdeab3df5e3fe3ae02e06bae1a76
MAIN_5JAM_20260924_134500,MAIN_5JAM,2026-09-24T06:45:00Z,s3://audiomoth/MAIN_5JAM/2026-09-24/20260924_134500.WAV,3520800,30ea49d06ad007fcaa326f9122f92fe00629b93640f4d517f21d516a6c2c5ff4
MAIN_5JAM_20260924_134600,MAIN_5JAM,2026-09-24T06:46:00Z,s3://audiomoth/MAIN_5JAM/2026-09-24/20260924_134600.WAV,3520800,ded27d1184fb9bc42a0eb8aada9e8059cc64e9f2d19df1e8caff2c92466ca28a
MAIN_5JAM_20260924_134700,MAIN_5JAM,2026-09-24T06:47:00Z,s3://audiomoth/MAIN_5JAM/2026-09-24/20260924_134700.WAV,3520800,773924b9d963694fd28389e5aac1c16833487e3bf2ec78d527755bdc68736e75
MAIN_5JAM_20260924_134800,MAIN_5JAM,2026-09-24T06:48:00Z,s3://audiomoth/MAIN_5JAM/2026-09-24/20260924_134800.WAV,3520800,01308aa9e5b6647ba61cf27a5475151f10d5dfdad202ca473f3169f37b0a6adb
MAIN_5JAM_20260924_134900,MAIN_5JAM,2026-09-24T06:49:00Z,s3://audiomoth/MAIN_5JAM/2026-09-24/20260924_134900.WAV,3520800,4efe771a0138496907020818e8bbd6a11989f577c8a32653ee3a292d7b21b77a
MAIN_5JAM_20260924_135000,MAIN_5JAM,2026-09-24T06:50:00Z,s3://audiomoth/MAIN_5JAM/2026-09-24/20260924_135000.WAV,3520800,c3e9425ac19dd950f4537b85b475d0c99b7dfa508a3956a7338bb82da1aba9b0
MAIN_5JAM_20260924_135100,MAIN_5JAM,2026-09-24T06:51:00Z,s3://audiomoth/MAIN_5JAM/2026-09-24/20260924_135100.WAV,3520800,22668afedee90befac6f3f3e1abb49520f0199011367d6454bb14b96c884c7aa
MAIN_5JAM_20260924_135200,MAIN_5JAM,2026-09-24T06:52:00Z,s3://audiomoth/MAIN_5JAM/2026-09-24/20260924_135200.WAV,3520800,655875b5d9602f086a827f01896d3736053e3bd3de882c5a939f979f28d7b88b
MAIN_5JAM_20260924_135300,MAIN_5JAM,2026-09-24T06:53:00Z,s3://audiomoth/MAIN_5JAM/2026-09-24/20260924_135300.WAV,3520800,7bc975bd0c0a96202df9a3a6d850ccf87868e44587bd2a8577606fcd655e7a22
MAIN_5JAM_20260924_135400,MAIN_5JAM,2026-09-24T06:54:00Z,s3://audiomoth/MAIN_5JAM/2026-09-24/20260924_135400.WAV,3520800,047c61ca591139ebecd0c3857b5a5a98c0027eb483785eb09f7f7fa83965a6b7
MAIN_5JAM_20260924_135500,MAIN_5JAM,2026-09-24T06:55:00Z,s3://audiomoth/MAIN_5JAM/2026-09-24/20260924_135500.WAV,3520800,6566b8ca359030619c4a476866c5fc8b11ffbe7123273b5c23ea6baa1a909303
MAIN_5JAM_20260924_135600,MAIN_5JAM,2026-09-24T06:56:00Z,s3://audiomoth/MAIN_5JAM/2026-09-24/20260924_135600.WAV,3520800,5e30ecb8303502a2ec8dda6f9e573a5638ede686aecf344aac163692c4e60e48
MAIN_5JAM_20260924_135700,MAIN_5JAM,2026-09-24T06:57:00Z,s3://audiomoth/MAIN_5JAM/2026-09-24/20260924_135700.WAV,3520800,b9e7729b12fbccbc71473ffa0e85bd404ea52d06b0f99eb5f1e2511210ba0abe
MAIN_5JAM_20260924_135800,MAIN_5JAM,2026-09-24T06:58:00Z,s3://audiomoth/MAIN_5JAM/2026-09-24/20260924_135800.WAV,3520800,e56ae485e955a74fc8afb8e076bcb5da998cde8d7471af70853e21db06d88171
MAIN_5JAM_20260924_135900,MAIN_5JAM,2026-09-24T06:59:00Z,s3://audiomoth/MAIN_5JAM/2026-09-24/20260924_135900.WAV,3520800,7e7099697a51b2afbb1c019e26fa3c903a09f37625d10149b85af16e0f01bde4
MAIN_5JAM_20260924_140000,MAIN_5JAM,2026-09-24T07:00:00Z,s3://audiomoth/MAIN_5JAM/2026-09-24/20260924_140000.WAV,3520800,b586812eca23fad29e20a20dac2c62f35ea0870ed967c1e2a0343963d6b403ac
MAIN_5JAM_20260924_140100,MAIN_5JAM,2026-09-24T07:01:00Z,s3://audiomoth/MAIN_5JAM/2026-09-24/20260924_140100.WAV,3520800,97aeeca87bde1f862280f03ea686a98f2adcbc92ddf8b16d859f971423058df3
MAIN_5JAM_20260924_140200,MAIN_5JAM,2026-09-24T07:02:00Z,s3://audiomoth/MAIN_5JAM/2026-09-24/20260924_140200.WAV,3520800,1482c35bdb46ae7cc62974066673e128870ff7a5d03e61771e73d6e93a15999f
MAIN_5JAM_20260924_140300,MAIN_5JAM,2026-09-24T07:03:00Z,s3://audiomoth/MAIN_5JAM/2026-09-24/20260924_140300.WAV,3520800,149988b03b16652d0126d8e59295417e252e81488ebd7ed0325035014c61ded0
MAIN_5JAM_20260924_140400,MAIN_5JAM,2026-09-24T07:04:00Z,s3://audiomoth/MAIN_5JAM/2026-09-24/20260924_140400.WAV,3520800,211a70ee29c845b47a5b2e0c1c3b880009588b6ac0120bfff49201124e2e1b30
MAIN_5JAM_20260924_140500,MAIN_5JAM,2026-09-24T07:05:00Z,s3://audiomoth/MAIN_5JAM/2026-09-24/20260924_140500.WAV,3520800,332d35a3dc9d54d8f6e2ed70a7f6692f02cc03262a2bade0908b548eee701ca2
MAIN_5JAM_20260924_140600,MAIN_5JAM,2026-09-24T07:06:00Z,s3://audiomoth/MAIN_5JAM/2026-09-24/20260924_140600.WAV,3520800,07b627dee6f1bc39d6dddb4b3efe5a90b3283cd36ea6c4f17391d3bc987d0c9f
MAIN_5JAM_20260924_140700,MAIN_5JAM,2026-09-24T07:07:00Z,s3://audiomoth/MAIN_5JAM/2026-09-24/20260924_140700.WAV,3520800,2c31bbb897e32a2e782994ff89859850dea0c7b224544d9afa12083309deb055
MAIN_5JAM_20260924_140800,MAIN_5JAM,2026-09-24T07:08:00Z,s3://audiomoth/MAIN_5JAM/2026-09-24/20260924_140800.WAV,3520800,4cfbea6654e3695e85723aa2fa71e5265352feb5adf96c598f71cae6db263fd8
MAIN_5JAM_20260924_140900,MAIN_5JAM,2026-09-24T07:09:00Z,s3://audiomoth/MAIN_5JAM/2026-09-24/20260924_140900.WAV,3520800,130667e511a65dcd22df9f87260990b960a200fa78bcadc7a01982e995eb1f56
MAIN_5JAM_20260924_141000,MAIN_5JAM,2026-09-24T07:10:00Z,s3://audiomoth/MAIN_5JAM/2026-09-24/20260924_141000.WAV,3520800,af3eef8111d8eafaccb19f1d5b6a3b9991c87b61c104befd629e92cc767ac52f
MAIN_5JAM_20260924_141100,MAIN_5JAM,2026-09-24T07:11:00Z,s3://audiomoth/MAIN_5JAM/2026-09-24/20260924_141100.WAV,3520800,eb627d511508d88bc4d8205741f26dc75346b5c7d2da18d40ea40105b6efb14b
MAIN_5JAM_20260924_141200,MAIN_5JAM,2026-09-24T07:12:00Z,s3://audiomoth/MAIN_5JAM/2026-09-24/20260924_141200.WAV,3520800,84a439adb81d04b4b8b0afe0c0e652b6a2afd1faed5abb87028243ffa437c8e1
MAIN_5JAM_20260924_141300,MAIN_5JAM,2026-09-24T07:13:00Z,s3://audiomoth/MAIN_5JAM/2026-09-24/20260924_141300.WAV,3520800,5d16bccab73d3a3040358717af75f095291289744d4e8b1cd166a0e8b958a678
MAIN_5JAM_20260924_141400,MAIN_5JAM,2026-09-24T07:14:00Z,s3://audiomoth/MAIN_5JAM/2026-09-24/20260924_141400.WAV,3520800,49ec29569bbb41a4e8f72cc8a54e56444d3724f0ef7d7e8be2a43e459695b5d5
MAIN_5JAM_20260924_141500,MAIN_5JAM,2026-09-24T07:15:00Z,s3://audiomoth/MAIN_5JAM/2026-09-24/20260924_141500.WAV,3520800,ad87f8dc5cd2375c6d9dc0514fdd915f85317b4ea4e3f034efbc2379edef8065
MAIN_5JAM_20260924_141600,MAIN_5JAM,2026-09-24T07:16:00Z,s3://audiomoth/MAIN_5JAM/2026-09-24/20260924_141600.WAV,3520800,a2a6c9933da85a4d3cda9a317e017a73f513ade80e5a765ef91eb88f83c49e25
MAIN_5JAM_20260924_141700,MAIN_5JAM,2026-09-24T07:17:00Z,s3://audiomoth/MAIN_5JAM/2026-09-24/20260924_141700.WAV,3520800,a8c69ff787f5b803ce3308c4b46129ef457715f70e1206d13af3c09d3f555122
MAIN_5JAM_20260924_141800,MAIN_5JAM,2026-09-24T07:18:00Z,s3://audiomoth/MAIN_5JAM/2026-09-24/20260924_141800.WAV,3520800,7d33149c5957380a3b2ce62d020b4e7930969bd405e8557ab53b51b95a41a01d
MAIN_5JAM_20260924_141900,MAIN_5JAM,2026-09-24T07:19:00Z,s3://audiomoth/MAIN_5JAM/2026-09-24/20260924_141900.WAV,3520800,6eee1b577aaddbadb3f00eb984f0f32a213527f68261ebf98aeda2f58fc5c617
MAIN_5JAM_20260924_142000,MAIN_5JAM,2026-09-24T07:20:00Z,s3://audiomoth/MAIN_5JAM/2026-09-24/20260924_142000.WAV,3520800,8926a7968ee684bd4d6e31df2480f0d822be46413d32cff9eb1a1ce43c6148c2
MAIN_5JAM_20260924_142100,MAIN_5JAM,2026-09-24T07:21:00Z,s3://audiomoth/MAIN_5JAM/2026-09-24/20260924_142100.WAV,3520800,1c09158e85a567172aac9f0b1c85a54d990a4c773408a4ecb4253120ab195001
MAIN_5JAM_20260924_142200,MAIN_5JAM,2026-09-24T07:22:00Z,s3://audiomoth/MAIN_5JAM/2026-09-24/20260924_142200.WAV,3520800,a16788d393484741414a2653a59e775e7a7c419d6d4ef79d4fa14d2871d71412
MAIN_5JAM_20260924_142300,MAIN_5JAM,2026-09-24T07:23:00Z,s3://audiomoth/MAIN_5JAM/2026-09-24/20260924_142300.WAV,3520800,fc6de06e54582e8a4c00f057e05c77051b28f5576fce6d076660dee81ae80d81
MAIN_5JAM_20260924_142400,MAIN_5JAM,2026-09-24T07:24:00Z,s3://audiomoth/MAIN_5JAM/2026-09-24/20260924_142400.WAV,3520800,c78ab31db441ab2fb093528da3b224318d67758649fafb69a7e0e184c49147fe
MAIN_5JAM_20260924_142500,MAIN_5JAM,2026-09-24T07:25:00Z,s3://audiomoth/MAIN_5JAM/2026-09-24/20260924_142500.WAV,3520800,124acef05c3ca70c6c095a3f1b162e72b097e509e9943a491e2ab769218edd2a
MAIN_5JAM_20260924_142600,MAIN_5JAM,2026-09-24T07:26:00Z,s3://audiomoth/MAIN_5JAM/2026-09-24/20260924_142600.WAV,3520800,64514e62249491724fbc28dedff56ee1adfbef0ea82dbd327dbce9a666d14483
MAIN_5JAM_20260924_142700,MAIN_5JAM,2026-09-24T07:27:00Z,s3://audiomoth/MAIN_5JAM/2026-09-24/20260924_142700.WAV,3520800,91402f20fccc513d03186acbd277a782ea6f940511f4671ba1c5d128f18ecfc2
MAIN_5JAM_20260924_142800,MAIN_5JAM,2026-09-24T07:28:00Z,s3://audiomoth/MAIN_5JAM/2026-09-24/20260924_142800.WAV,3520800,1aff4fd9cdc6ddceb0b8fe848407c178952954d8c10c48e8e1306beec3badd14
MAIN_5JAM_20260924_142900,MAIN_5JAM,2026-09-24T07:29:00Z,s3://audiomoth/MAIN_5JAM/2026-09-24/20260924_142900.WAV,3520800,979288c14e47d1d5f536f7d825732371f5ed56ca139504977167468000893856
MAIN_5JAM_20260924_143000,MAIN_5JAM,2026-09-24T07:30:00Z,s3://audiomoth/MAIN_5JAM/2026-09-24/20260924_143000.WAV,3520800,f1f5c8358f17b87713da67ac55f39d7b003d0d91b36cf1bc22edad4a844e538b
MAIN_5JAM_20260924_143100,MAIN_5JAM,2026-09-24T07:31:00Z,s3://audiomoth/MAIN_5JAM/2026-09-24/20260924_143100.WAV,3520800,061d1b87372e967f8b3a9917a02d2738e69c828f589026319faace98d631858a
MAIN_5JAM_20260924_143200,MAIN_5JAM,2026-09-24T07:32:00Z,s3://audiomoth/MAIN_5JAM/2026-09-24/20260924_143200.WAV,3520800,7d791f2486c7ba5d4e4675983205d9629c41f9e51f9e334af5d181777fabd168
MAIN_5JAM_20260924_143300,MAIN_5JAM,2026-09-24T07:33:00Z,s3://audiomoth/MAIN_5JAM/2026-09-24/20260924_143300.WAV,3520800,f0dc3f9d6bb003bee0dcc8e8158d303dc359133b41f127610864f9debe332d28
MAIN_5JAM_20260924_143400,MAIN_5JAM,2026-09-24T07:34:00Z,s3://audiomoth/MAIN_5JAM/2026-09-24/20260924_143400.WAV,3520800,7d671c62f8333b281a8c20ed5f40672ccb251cb8b8aa5ca9b637e8acd950db71
MAIN_5JAM_20260924_143500,MAIN_5JAM,2026-09-24T07:35:00Z,s3://audiomoth/MAIN_5JAM/2026-09-24/20260924_143500.WAV,3520800,a96fc71a80c5bf6ae7e2c55cbca9ae0a0eb299cfd2893594a4e6756b7ad8d0ac
MAIN_5JAM_20260924_143600,MAIN_5JAM,2026-09-24T07:36:00Z,s3://audiomoth/MAIN_5JAM/2026-09-24/20260924_143600.WAV,3520800,f1cf2ce746e9a7c54359ea8bc1db393fa67e74ff85625dfad126192284f672a8
MAIN_5JAM_20260924_143700,MAIN_5JAM,2026-09-24T07:37:00Z,s3://audiomoth/MAIN_5JAM/2026-09-24/20260924_143700.WAV,3520800,75334847a0f453e26cfed7b66413d500c813afdd9e417f32bcf52bde99b513f4
MAIN_5JAM_20260924_143800,MAIN_5JAM,2026-09-24T07:38:00Z,s3://audiomoth/MAIN_5JAM/2026-09-24/20260924_143800.WAV,3520800,f8579dba487f184949fadd1c231033101b8b1b1bc1a196e4e57e7663ef2f6668
MAIN_5JAM_20260924_143900,MAIN_5JAM,2026-09-24T07:39:00Z,s3://audiomoth/MAIN_5JAM/2026-09-24/20260924_143900.WAV,3520800,c406922765990f8041161365a20e96e0068fdd8cf9bbd8f71660c3022a482aae
MAIN_5JAM_20260924_144000,MAIN_5JAM,2026-09-24T07:40:00Z,s3://audiomoth/MAIN_5JAM/2026-09-24/20260924_144000.WAV,3520800,224cf102529fe5a246ce70cc92136041809f075d30267c99c346078c8890f59f
MAIN_5JAM_20260924_144100,MAIN_5JAM,2026-09-24T07:41:00Z,s3://audiomoth/MAIN_5JAM/2026-09-24/20260924_144100.WAV,3520800,197fab86e31397a0502cf539d52a171fcb163d8db3745181b7407190073e7db7
MAIN_5JAM_20260924_144200,MAIN_5JAM,2026-09-24T07:42:00Z,s3://audiomoth/MAIN_5JAM/2026-09-24/20260924_144200.WAV,3520800,b75e7f570e8474e36c28b56454d35f18f39158344431c5af6d65c15464015eb3
MAIN_5JAM_20260924_144300,MAIN_5JAM,2026-09-24T07:43:00Z,s3://audiomoth/MAIN_5JAM/2026-09-24/20260924_144300.WAV,3520800,7598a1e9b5743312112f70eae74f7c27704b020463a7db35bcb38dd85d378355
MAIN_5JAM_20260924_144400,MAIN_5JAM,2026-09-24T07:44:00Z,s3://audiomoth/MAIN_5JAM/2026-09-24/20260924_144400.WAV,3520800,b8da2b1110e5461852275f5effeee9b8ec3f35e291262548165283af872c34a3
MAIN_5JAM_20260924_144500,MAIN_5JAM,2026-09-24T07:45:00Z,s3://audiomoth/MAIN_5JAM/2026-09-24/20260924_144500.WAV,3520800,c7cbbde41d9a4c8e2f91f425d1f13334c9d699370a1fe4d6fed7fb858c6a2268
MAIN_5JAM_20260924_144600,MAIN_5JAM,2026-09-24T07:46:00Z,s3://audiomoth/MAIN_5JAM/2026-09-24/20260924_144600.WAV,3520800,7e52233ef086e96247f6e7c96707204ed70a0fbaddd280d86e4c26d8199f6d0e
MAIN_5JAM_20260924_144700,MAIN_5JAM,2026-09-24T07:47:00Z,s3://audiomoth/MAIN_5JAM/2026-09-24/20260924_144700.WAV,3520800,22ac0ffcd5292b668ff7e97c6605b7f7851ef83958e6c386956b39894415edac
MAIN_5JAM_20260924_144800,MAIN_5JAM,2026-09-24T07:48:00Z,s3://audiomoth/MAIN_5JAM/2026-09-24/20260924_144800.WAV,3520800,f791328b47f465c5a509823328e0f950251b6f91811fbc7eab4275fe51faa519
MAIN_5JAM_20260924_144900,MAIN_5JAM,2026-09-24T07:49:00Z,s3://audiomoth/MAIN_5JAM/2026-09-24/20260924_144900.WAV,3520800,6fe62ffa2f91fd070d5acb97e363d6ed972bb35da8334cd0a4fbd0bb53348cad
MAIN_5JAM_20260924_145000,MAIN_5JAM,2026-09-24T07:50:00Z,s3://audiomoth/MAIN_5JAM/2026-09-24/20260924_145000.WAV,3520800,3d3756636d4c801cb47e7b13f5985e1337c33fd08f828c266121d3901d87a916
MAIN_5JAM_20260924_145100,MAIN_5JAM,2026-09-24T07:51:00Z,s3://audiomoth/MAIN_5JAM/2026-09-24/20260924_145100.WAV,3520800,8babe272b6145bdaf334c0a920e9824384a566f96d1ba1946d4399eb492e83df
MAIN_5JAM_20260924_145200,MAIN_5JAM,2026-09-24T07:52:00Z,s3://audiomoth/MAIN_5JAM/2026-09-24/20260924_145200.WAV,3520800,1ad0b4c2dfc913d1fcbfb98fb3c8fb2d321f1900b9bb27c95dc65e8eff9647d3
MAIN_5JAM_20260924_145300,MAIN_5JAM,2026-09-24T07:53:00Z,s3://audiomoth/MAIN_5JAM/2026-09-24/20260924_145300.WAV,3520800,948a717d2196c567a87b7ded38af8dff7d46578b2d948677781823a65ef3603c
MAIN_5JAM_20260924_145400,MAIN_5JAM,2026-09-24T07:54:00Z,s3://audiomoth/MAIN_5JAM/2026-09-24/20260924_145400.WAV,3520800,9cdaffd2f935ecd6af3bba9400c901f39be625ddadae4773ee9e5496e4c018c9
MAIN_5JAM_20260924_145500,MAIN_5JAM,2026-09-24T07:55:00Z,s3://audiomoth/MAIN_5JAM/2026-09-24/20260924_145500.WAV,3520800,a2dd58cb6104fc2681e041a10e32069c6806698119c3cd062ed43334d6a945db
MAIN_5JAM_20260924_145600,MAIN_5JAM,2026-09-24T07:56:00Z,s3://audiomoth/MAIN_5JAM/2026-09-24/20260924_145600.WAV,3520800,89ff936ffaf9c916cc7749fbcd671ff12bd7d0e81b0305f5d8e566d8a3d9c24d
MAIN_5JAM_20260924_145700,MAIN_5JAM,2026-09-24T07:57:00Z,s3://audiomoth/MAIN_5JAM/2026-09-24/20260924_145700.WAV,3520800,32e1a484e855d0349ecfd54ac2ae3a16ed78c3ea9d440c83a2f0b972dceb01d9
MAIN_5JAM_20260924_145800,MAIN_5JAM,2026-09-24T07:58:00Z,s3://audiomoth/MAIN_5JAM/2026-09-24/20260924_145800.WAV,3520800,1d7da5dee7e2dd798f646e4bf115d3abe64f9d07dd292e3922ff218d6c9d8dac
MAIN_5JAM_20260924_145900,MAIN_5JAM,2026-09-24T07:59:00Z,s3://audiomoth/MAIN_5JAM/2026-09-24/20260924_145900.WAV,3520800,f13776c325e481d4c72ae42eb55a6cc6ee7eefc45325f29db1f89a02e5c2e257
MAIN_5JAM_20260924_150000,MAIN_5JAM,2026-09-24T08:00:00Z,s3://audiomoth/MAIN_5JAM/2026-09-24/20260924_150000.WAV,3520800,3fbb124dc35763ab053825e0d22cf7d3623bdde53658903e883898c3c8c651b9
MAIN_5JAM_20260924_150100,MAIN_5JAM,2026-09-24T08:01:00Z,s3://audiomoth/MAIN_5JAM/2026-09-24/20260924_150100.WAV,3520800,e011880d0e1d3088400dd88f98a43fdc981ce6c6efb517178d68d9302572a756
MAIN_5JAM_20260924_150200,MAIN_5JAM,2026-09-24T08:02:00Z,s3://audiomoth/MAIN_5JAM/2026-09-24/20260924_150200.WAV,3520800,94b703aff9cba2f4368cf0ebd7b8b5213407d0232d7de7208bca42dc5fc50745
MAIN_5JAM_20260924_150300,MAIN_5JAM,2026-09-24T08:03:00Z,s3://audiomoth/MAIN_5JAM/2026-09-24/20260924_150300.WAV,3520800,974afb43e8cc510f3a041625c53afbb383d0d68b7e5ccb59d5b4a10c102b3a78
MAIN_5JAM_20260924_150400,MAIN_5JAM,2026-09-24T08:04:00Z,s3://audiomoth/MAIN_5JAM/2026-09-24/20260924_150400.WAV,3520800,e16c5d42a00a5a62236a45ef31f1c60b31c973fe36cfb216d1ccbff047e4dc30
MAIN_5JAM_20260924_150500,MAIN_5JAM,2026-09-24T08:05:00Z,s3://audiomoth/MAIN_5JAM/2026-09-24/20260924_150500.WAV,3520800,ca248de613c386c18098bad9f64319d285c558dee9d192efba7bd5c954dd7e40
MAIN_5JAM_20260924_150600,MAIN_5JAM,2026-09-24T08:06:00Z,s3://audiomoth/MAIN_5JAM/2026-09-24/20260924_150600.WAV,3520800,24e4b1b91e9036c9ef968ee73efd09f3de91a541348e56070be7c8bfe6ffc067
MAIN_5JAM_20260924_150700,MAIN_5JAM,2026-09-24T08:07:00Z,s3://audiomoth/MAIN_5JAM/2026-09-24/20260924_150700.WAV,3520800,7cfe6158b7da3c830f36d168a42a9b7c1aab4f02318da8ffdde693a1bde792c8
MAIN_5JAM_20260924_150800,MAIN_5JAM,2026-09-24T08:08:00Z,s3://audiomoth/MAIN_5JAM/2026-09-24/20260924_150800.WAV,3520800,be66dbc03d71d3db131b09687807eb5eccd8f8cb282d2bf46db418b567a75740
MAIN_5JAM_20260924_150900,MAIN_5JAM,2026-09-24T08:09:00Z,s3://audiomoth/MAIN_5JAM/2026-09-24/20260924_150900.WAV,3520800,58532d7f6dc66e43bcdef1be8a7d06d901f7688ddfb288864606b773eafa0315
MAIN_5JAM_20260924_151000,MAIN_5JAM,2026-09-24T08:10:00Z,s3://audiomoth/MAIN_5JAM/2026-09-24/20260924_151000.WAV,3520800,37df1ca0c02f9165abb646550361508053512059f1d19da08ea18f3b28b7e256
MAIN_5JAM_20260924_151100,MAIN_5JAM,2026-09-24T08:11:00Z,s3://audiomoth/MAIN_5JAM/2026-09-24/20260924_151100.WAV,3520800,506066631fb41cae0f09cbe66371ebdcd0f298597809ff40d563fc56e47414a7
MAIN_5JAM_20260924_151200,MAIN_5JAM,2026-09-24T08:12:00Z,s3://audiomoth/MAIN_5JAM/2026-09-24/20260924_151200.WAV,3520800,056d67e562081dfb743f40b26835474619f45aaeb3650b703720a243080debb2
MAIN_5JAM_20260924_151300,MAIN_5JAM,2026-09-24T08:13:00Z,s3://audiomoth/MAIN_5JAM/2026-09-24/20260924_151300.WAV,3520800,744eef2af1f109e80f90f4b4f9a927bfed3c16da1617224e3c938f13d4f71cc8
MAIN_5JAM_20260924_151400,MAIN_5JAM,2026-09-24T08:14:00Z,s3://audiomoth/MAIN_5JAM/2026-09-24/20260924_151400.WAV,3520800,77bebc30e7af8277debb9dec1bcb94cb56d885c7516909f981f14063087326de
MAIN_5JAM_20260924_151500,MAIN_5JAM,2026-09-24T08:15:00Z,s3://audiomoth/MAIN_5JAM/2026-09-24/20260924_151500.WAV,3520800,68812373bdc5bd05d4b0b4a35c00fb1942fbc9de57431e76f55962f77a5abc6c
MAIN_5JAM_20260924_151600,MAIN_5JAM,2026-09-24T08:16:00Z,s3://audiomoth/MAIN_5JAM/2026-09-24/20260924_151600.WAV,3520800,bda7231a9bbf31636cbef131fc6cc04df3a906006b8e8def5be4b9cfe8f403df
MAIN_5JAM_20260924_151700,MAIN_5JAM,2026-09-24T08:17:00Z,s3://audiomoth/MAIN_5JAM/2026-09-24/20260924_151700.WAV,3520800,2c8d22fd367bb4be90bd05c3f2c2adbe6bb5a90d7ef403450b6bb7de27ddcc80
MAIN_5JAM_20260924_151800,MAIN_5JAM,2026-09-24T08:18:00Z,s3://audiomoth/MAIN_5JAM/2026-09-24/20260924_151800.WAV,3520800,60bd7ce0d3b49924048251cec64d9575a8cc87b92a99e1f4e5f0850621ac22ec
MAIN_5JAM_20260924_151900,MAIN_5JAM,2026-09-24T08:19:00Z,s3://audiomoth/MAIN_5JAM/2026-09-24/20260924_151900.WAV,3520800,3d830a56fba688b23175a13c8dd73a709da04cac35a39af6f70caca914a75fa7
MAIN_5JAM_20260924_152000,MAIN_5JAM,2026-09-24T08:20:00Z,s3://audiomoth/MAIN_5JAM/2026-09-24/20260924_152000.WAV,3520800,98b3c7f08de57216fb6866cbb3adbe56208a6be778f9ffd4ee90f1da13b7a822
MAIN_5JAM_20260924_152100,MAIN_5JAM,2026-09-24T08:21:00Z,s3://audiomoth/MAIN_5JAM/2026-09-24/20260924_152100.WAV,3520800,96978a92f5d5c69b0cb632b541264c1e65d1f172706a19958658fb9469fdfb55
MAIN_5JAM_20260924_152200,MAIN_5JAM,2026-09-24T08:22:00Z,s3://audiomoth/MAIN_5JAM/2026-09-24/20260924_152200.WAV,3520800,1ed0ee1d0cc76706aab5e6f868546ff5c55f5d2e40f12f11c2761c76f2102f2a
MAIN_5JAM_20260924_152300,MAIN_5JAM,2026-09-24T08:23:00Z,s3://audiomoth/MAIN_5JAM/2026-09-24/20260924_152300.WAV,3520800,f6526d62cd51c76125c880fbbba92b026d851db053066be8cc7fb394b098802d
MAIN_5JAM_20260924_152400,MAIN_5JAM,2026-09-24T08:24:00Z,s3://audiomoth/MAIN_5JAM/2026-09-24/20260924_152400.WAV,3520800,83f46e50b051ebc2a2cffab2fa9df66527b5b4c8796c8cfa96f3d332a66ba84c
MAIN_5JAM_20260924_152500,MAIN_5JAM,2026-09-24T08:25:00Z,s3://audiomoth/MAIN_5JAM/2026-09-24/20260924_152500.WAV,3520800,e6927502e00526a90a5b1fec223d23c47154c78f4ac53a9f938d1e74fc5a8df8
MAIN_5JAM_20260924_152600,MAIN_5JAM,2026-09-24T08:26:00Z,s3://audiomoth/MAIN_5JAM/2026-09-24/20260924_152600.WAV,3520800,4010554df5fe53234432fd7f230bf5972db369f2a8785d4afff251d2914e136c
MAIN_5JAM_20260924_152700,MAIN_5JAM,2026-09-24T08:27:00Z,s3://audiomoth/MAIN_5JAM/2026-09-24/20260924_152700.WAV,3520800,f816b153ba9b9d5d468a08d82e27a50b7b799899c4f221809ffa810113b80ef7
MAIN_5JAM_20260924_152800,MAIN_5JAM,2026-09-24T08:28:00Z,s3://audiomoth/MAIN_5JAM/2026-09-24/20260924_152800.WAV,3520800,61f6022ed35873e4c1b7405773d432700a537aa7ac569d2834c79860a971ae9a
MAIN_5JAM_20260924_152900,MAIN_5JAM,2026-09-24T08:29:00Z,s3://audiomoth/MAIN_5JAM/2026-09-24/20260924_152900.WAV,3520800,2b6f0d8646596c04f7235f48d46dae1b27416f65cd15f896b8c9be39d61494be
MAIN_5JAM_20260924_153000,MAIN_5JAM,2026-09-24T08:30:00Z,s3://audiomoth/MAIN_5JAM/2026-09-24/20260924_153000.WAV,3520800,1594c533e3f5dc047d47a4d1a5820656272af31be1b7b54fd194742b0b5fc337
MAIN_5JAM_20260924_153100,MAIN_5JAM,2026-09-24T08:31:00Z,s3://audiomoth/MAIN_5JAM/2026-09-24/20260924_153100.WAV,3520800,574071fd997821a59488d61def5419cfa7abdc7b2fdab685629fc126120d45d8
MAIN_5JAM_20260924_153200,MAIN_5JAM,2026-09-24T08:32:00Z,s3://audiomoth/MAIN_5JAM/2026-09-24/20260924_153200.WAV,3520800,cafb6bca4b78671faae94fab837fb5a5b62fe4bb4cd3e60652c9197a1c082a06
MAIN_5JAM_20260924_153300,MAIN_5JAM,2026-09-24T08:33:00Z,s3://audiomoth/MAIN_5JAM/2026-09-24/20260924_153300.WAV,3520800,d6b8fa6975de0aa3b5bf3b55885495dab9ea8d9e1be14e4f2287a0e513ab3668
MAIN_5JAM_20260924_153400,MAIN_5JAM,2026-09-24T08:34:00Z,s3://audiomoth/MAIN_5JAM/2026-09-24/20260924_153400.WAV,3520800,c002f137fd84712e2e9233eee34157875e2255e166b9c1a001996d1df86b5e56
MAIN_5JAM_20260924_153500,MAIN_5JAM,2026-09-24T08:35:00Z,s3://audiomoth/MAIN_5JAM/2026-09-24/20260924_153500.WAV,3520800,b2c33b6ba0e65fd8768a25794ad1e52c9df08696311d9c99b4ab951696413538
MAIN_5JAM_20260924_153600,MAIN_5JAM,2026-09-24T08:36:00Z,s3://audiomoth/MAIN_5JAM/2026-09-24/20260924_153600.WAV,3520800,e372ea995ae9b644027a59d7970acb1a23f017fa581e9f77c04820c8dfecaf44
MAIN_5JAM_20260924_153700,MAIN_5JAM,2026-09-24T08:37:00Z,s3://audiomoth/MAIN_5JAM/2026-09-24/20260924_153700.WAV,3520800,2ad4bbb9006a1d3c1cd65f16d320483a3bb17236e2fd83f45da56603b0ba64b6
MAIN_5JAM_20260924_153800,MAIN_5JAM,2026-09-24T08:38:00Z,s3://audiomoth/MAIN_5JAM/2026-09-24/20260924_153800.WAV,3520800,0a9becb0a0da75c5fbfcaef801992a5065af68d3119187c101eaab4c101fbf4e
MAIN_5JAM_20260924_153900,MAIN_5JAM,2026-09-24T08:39:00Z,s3://audiomoth/MAIN_5JAM/2026-09-24/20260924_153900.WAV,3520800,857c16e30d27fe602494fa4904ef8aba84d9c4b6024dcdf6be853cef294bf713
MAIN_5JAM_20260924_154000,MAIN_5JAM,2026-09-24T08:40:00Z,s3://audiomoth/MAIN_5JAM/2026-09-24/20260924_154000.WAV,3520800,c4948feec3f8affd73c680f17c67912c3c1625a03ff9da4da25492d081f1dc69
MAIN_5JAM_20260924_154100,MAIN_5JAM,2026-09-24T08:41:00Z,s3://audiomoth/MAIN_5JAM/2026-09-24/20260924_154100.WAV,3520800,4a9e94a8e43f9a044c7e2af5a21b039ce32b1d7acbb51166d4542bff9bde6b04
MAIN_5JAM_20260924_154200,MAIN_5JAM,2026-09-24T08:42:00Z,s3://audiomoth/MAIN_5JAM/2026-09-24/20260924_154200.WAV,3520800,67305b3fb6fa1f433ddad6be8a36f5c216bf85240eacc4885cf946c2eac5c294
MAIN_5JAM_20260924_154300,MAIN_5JAM,2026-09-24T08:43:00Z,s3://audiomoth/MAIN_5JAM/2026-09-24/20260924_154300.WAV,3520800,c9de702be9f06435e29495053111409c40e13605562fca3ba7f285631d38d5fc
MAIN_5JAM_20260924_154400,MAIN_5JAM,2026-09-24T08:44:00Z,s3://audiomoth/MAIN_5JAM/2026-09-24/20260924_154400.WAV,3520800,e8df99062e2ced58cfad0ade4b132bf17fe12ba3fe61ec19b459b95681ce42ea
MAIN_5JAM_20260924_154500,MAIN_5JAM,2026-09-24T08:45:00Z,s3://audiomoth/MAIN_5JAM/2026-09-24/20260924_154500.WAV,3520800,66ad6b1426f8b26d3982dd7fa1ee43322f9fffc2e9ab4daba65c80321a2ec20b
MAIN_5JAM_20260924_154600,MAIN_5JAM,2026-09-24T08:46:00Z,s3://audiomoth/MAIN_5JAM/2026-09-24/20260924_154600.WAV,3520800,65d0412668452337da7be31095b4ada6474c836a848139752689123c6544bc24
MAIN_5JAM_20260924_154700,MAIN_5JAM,2026-09-24T08:47:00Z,s3://audiomoth/MAIN_5JAM/2026-09-24/20260924_154700.WAV,3520800,b06b16a5569b49081737c9d061604a448b21d94ae19fc057abc6c0bf5b37cfeb
MAIN_5JAM_20260924_154800,MAIN_5JAM,2026-09-24T08:48:00Z,s3://audiomoth/MAIN_5JAM/2026-09-24/20260924_154800.WAV,3520800,09c94912f91e3003c7ca106390324695a88059058604a2b24bfd361f902f4580
MAIN_5JAM_20260924_154900,MAIN_5JAM,2026-09-24T08:49:00Z,s3://audiomoth/MAIN_5JAM/2026-09-24/20260924_154900.WAV,3520800,49b6b119e223e99acb90508c801256a05a52b721f87c9e162143b5c574709150
MAIN_5JAM_20260924_155000,MAIN_5JAM,2026-09-24T08:50:00Z,s3://audiomoth/MAIN_5JAM/2026-09-24/20260924_155000.WAV,3520800,a16840b5b6e264c5f0d401b6f8c1765c1bd95549b3c19fe149f33f2772725600
MAIN_5JAM_20260924_155100,MAIN_5JAM,2026-09-24T08:51:00Z,s3://audiomoth/MAIN_5JAM/2026-09-24/20260924_155100.WAV,3520800,ddf9eadfa2b11a21b0aaae764eb30a061678f522962479dce45294d0c66c83b7
MAIN_5JAM_20260924_155200,MAIN_5JAM,2026-09-24T08:52:00Z,s3://audiomoth/MAIN_5JAM/2026-09-24/20260924_155200.WAV,3520800,4d84fcbd42f4c12c0f6108b27a771face038571262136dba035e66e49adfb566
MAIN_5JAM_20260924_155300,MAIN_5JAM,2026-09-24T08:53:00Z,s3://audiomoth/MAIN_5JAM/2026-09-24/20260924_155300.WAV,3520800,8f21eaf8b53686064685d30925e9241a6181851f216a353c18b9c743b55df848
MAIN_5JAM_20260924_155400,MAIN_5JAM,2026-09-24T08:54:00Z,s3://audiomoth/MAIN_5JAM/2026-09-24/20260924_155400.WAV,3520800,7f7cfbdd18b96bce2b720d526c66f8cbdfcbfb0229af0e488bb6674d3ecd3b6e
MAIN_5JAM_20260924_155500,MAIN_5JAM,2026-09-24T08:55:00Z,s3://audiomoth/MAIN_5JAM/2026-09-24/20260924_155500.WAV,3520800,41742042fb3ab87d83dc965c2271f19ad92fd7580e0e0983d1b0291f6a00cf6c
MAIN_5JAM_20260924_155600,MAIN_5JAM,2026-09-24T08:56:00Z,s3://audiomoth/MAIN_5JAM/2026-09-24/20260924_155600.WAV,3520800,889e801e02788c1149e848fd5f8af1dfa849fab96993ca0c6acb1eedab9df9f0
MAIN_5JAM_20260924_155700,MAIN_5JAM,2026-09-24T08:57:00Z,s3://audiomoth/MAIN_5JAM/2026-09-24/20260924_155700.WAV,3520800,f5ae363005961210bd6d59fca49f0c862957379916bd6d1a9d7fdaa4a5074efa
MAIN_5JAM_20260924_155800,MAIN_5JAM,2026-09-24T08:58:00Z,s3://audiomoth/MAIN_5JAM/2026-09-24/20260924_155800.WAV,3520800,c244010d31794df75d4c816c60080e7c4183ab4af13acced852dfc9917b4cf32
MAIN_5JAM_20260924_155900,MAIN_5JAM,2026-09-24T08:59:00Z,s3://audiomoth/MAIN_5JAM/2026-09-24/20260924_155900.WAV,3520800,6382255da544faa7659ae3b91efffb77aa720c0849de058f91abd06dda09179d
MAIN_5JAM_20260924_160000,MAIN_5JAM,2026-09-24T09:00:00Z,s3://audiomoth/MAIN_5JAM/2026-09-24/20260924_160000.WAV,3520800,f8c22e6a6864495e8b2d6528ab59fd73303b64abfb6d30459ddbab7ca027b4d5
MAIN_5JAM_20260924_160100,MAIN_5JAM,2026-09-24T09:01:00Z,s3://audiomoth/MAIN_5JAM/2026-09-24/20260924_160100.WAV,3520800,9ecd1269a1a25ee040234f254cf7b78ae90dd7181c47d601ca81cf45379b1daa
MAIN_5JAM_20260924_160200,MAIN_5JAM,2026-09-24T09:02:00Z,s3://audiomoth/MAIN_5JAM/2026-09-24/20260924_160200.WAV,3520800,d91d2151afa624cb89f61f78b73706bae2b100ade4e1c79ec6c38fbde1c79e56
MAIN_5JAM_20260924_160300,MAIN_5JAM,2026-09-24T09:03:00Z,s3://audiomoth/MAIN_5JAM/2026-09-24/20260924_160300.WAV,3520800,74d46801382788835a51bbacd0db51706fe6fc494a123ae052bee1606bffaae5
MAIN_5JAM_20260924_160400,MAIN_5JAM,2026-09-24T09:04:00Z,s3://audiomoth/MAIN_5JAM/2026-09-24/20260924_160400.WAV,3520800,169cf3da70c3167947fca4ece4c17aaa7b49b0aa5d8cf36da237031ee285ea8f
MAIN_5JAM_20260924_160500,MAIN_5JAM,2026-09-24T09:05:00Z,s3://audiomoth/MAIN_5JAM/2026-09-24/20260924_160500.WAV,3520800,a8838b45bcc7f862ffc1348ac4bd451cdf6122f6402bf308985630307aece9fc
MAIN_5JAM_20260924_160600,MAIN_5JAM,2026-09-24T09:06:00Z,s3://audiomoth/MAIN_5JAM/2026-09-24/20260924_160600.WAV,3520800,75c57a69eff60df76efc0ea337ac87232a10eb2a8b01b653b86025d7d962e5a3
MAIN_5JAM_20260924_160700,MAIN_5JAM,2026-09-24T09:07:00Z,s3://audiomoth/MAIN_5JAM/2026-09-24/20260924_160700.WAV,3520800,1e4570943c8c38050a1b823e1b2bf6d6599fe8bfaf5f1db7fe2b31f6248847f7
MAIN_5JAM_20260924_160800,MAIN_5JAM,2026-09-24T09:08:00Z,s3://audiomoth/MAIN_5JAM/2026-09-24/20260924_160800.WAV,3520800,60713837a5e4ea029b2e7719f9a2e8b8287dfdcda961e355028bbd0f24b18c5a
MAIN_5JAM_20260924_160900,MAIN_5JAM,2026-09-24T09:09:00Z,s3://audiomoth/MAIN_5JAM/2026-09-24/20260924_160900.WAV,3520800,015df6e4fedadb4b9cfd1046c954b7000f3fad909e37f3d76ec12ac69ec91eec
MAIN_5JAM_20260924_161000,MAIN_5JAM,2026-09-24T09:10:00Z,s3://audiomoth/MAIN_5JAM/2026-09-24/20260924_161000.WAV,3520800,17e25d5da867b0b27b640e497e69737faf975ebf37028a98d76fc8e70c591619
MAIN_5JAM_20260924_161100,MAIN_5JAM,2026-09-24T09:11:00Z,s3://audiomoth/MAIN_5JAM/2026-09-24/20260924_161100.WAV,3520800,de437ed2b4c2b2703e30147959d47c2eb79b90ae9931c9a39899e54386c64962
MAIN_5JAM_20260924_161200,MAIN_5JAM,2026-09-24T09:12:00Z,s3://audiomoth/MAIN_5JAM/2026-09-24/20260924_161200.WAV,3520800,efb9f6fb78ac6e75a32fc3eee73826192c7dd4a942437fa0162867e283af59bd
MAIN_5JAM_20260924_161300,MAIN_5JAM,2026-09-24T09:13:00Z,s3://audiomoth/MAIN_5JAM/2026-09-24/20260924_161300.WAV,3520800,4a55773824c033326ba85f2c5a34db5cb02b555d9a6cf80e4613e1206b214317
MAIN_5JAM_20260924_161400,MAIN_5JAM,2026-09-24T09:14:00Z,s3://audiomoth/MAIN_5JAM/2026-09-24/20260924_161400.WAV,3520800,fe497266b6cb8d741b6889e6550ec4d2581b6cb559f553e8d408239748d23c45
MAIN_5JAM_20260924_161500,MAIN_5JAM,2026-09-24T09:15:00Z,s3://audiomoth/MAIN_5JAM/2026-09-24/20260924_161500.WAV,3520800,42dde7b9c580fd037ba1eabfa59b79f54272db852b11dca47d4b7e505e936ce1
MAIN_5JAM_20260924_161600,MAIN_5JAM,2026-09-24T09:16:00Z,s3://audiomoth/MAIN_5JAM/2026-09-24/20260924_161600.WAV,3520800,7d1a70f33f9a635df4b24427b37ba477916abe75f139d4690ad3e004345e3a5b
MAIN_5JAM_20260924_161700,MAIN_5JAM,2026-09-24T09:17:00Z,s3://audiomoth/MAIN_5JAM/2026-09-24/20260924_161700.WAV,3520800,4daf48b543a6c592a4dd1a4524578e1a31a7fa6e330bb20c4ef90826be8c544a
MAIN_5JAM_20260924_161800,MAIN_5JAM,2026-09-24T09:18:00Z,s3://audiomoth/MAIN_5JAM/2026-09-24/20260924_161800.WAV,3520800,e693b9df5146ea5ea731b3ab700e7b02225911d77edfb4a93a3a04836623006b
MAIN_5JAM_20260924_161900,MAIN_5JAM,2026-09-24T09:19:00Z,s3://audiomoth/MAIN_5JAM/2026-09-24/20260924_161900.WAV,3520800,32ca7fc4e8596ac5211646d2b5efef0211a996c5bb25623fd20289835448925e
MAIN_5JAM_20260924_162000,MAIN_5JAM,2026-09-24T09:20:00Z,s3://audiomoth/MAIN_5JAM/2026-09-24/20260924_162000.WAV,3520800,c6edb12b4c562ad471d9b0bef264bad686140b2e73473d53c21e7f65670ebae0
MAIN_5JAM_20260924_162100,MAIN_5JAM,2026-09-24T09:21:00Z,s3://audiomoth/MAIN_5JAM/2026-09-24/20260924_162100.WAV,3520800,b9b4667acef5c2a6114cd7319b57523e719ba44a5f9fb2381150ec1602f80832
MAIN_5JAM_20260924_162200,MAIN_5JAM,2026-09-24T09:22:00Z,s3://audiomoth/MAIN_5JAM/2026-09-24/20260924_162200.WAV,3520800,920f590e5e25f0068c93990c3d1d9ee78e649b0e0e352ace74e3f27ea5880eee
MAIN_5JAM_20260924_162300,MAIN_5JAM,2026-09-24T09:23:00Z,s3://audiomoth/MAIN_5JAM/2026-09-24/20260924_162300.WAV,3520800,cc1a1820c2728843d39c93a474e008a3b1fa1bf38d328426a3da60fdc4dfdc47
MAIN_5JAM_20260924_162400,MAIN_5JAM,2026-09-24T09:24:00Z,s3://audiomoth/MAIN_5JAM/2026-09-24/20260924_162400.WAV,3520800,86b2beca70b38ae12a0b4289ad33c4a5582a1cb2a7e771e650f7d90f62755007
MAIN_5JAM_20260924_162500,MAIN_5JAM,2026-09-24T09:25:00Z,s3://audiomoth/MAIN_5JAM/2026-09-24/20260924_162500.WAV,3520800,f1e4fab8cf6ae04808370d067b8469002d2112bef050cba567ac74b1b1d818a4
MAIN_5JAM_20260924_162600,MAIN_5JAM,2026-09-24T09:26:00Z,s3://audiomoth/MAIN_5JAM/2026-09-24/20260924_162600.WAV,3520800,fc314cf0e1e8266c1c59bc70d35a529795bace14fc36dd3167e4f5953758723e
MAIN_5JAM_20260924_162700,MAIN_5JAM,2026-09-24T09:27:00Z,s3://audiomoth/MAIN_5JAM/2026-09-24/20260924_162700.WAV,3520800,6957d4f59957e0f8fed841102fd42430e95dce0695013dca870be72371ca527f
MAIN_5JAM_20260924_162800,MAIN_5JAM,2026-09-24T09:28:00Z,s3://audiomoth/MAIN_5JAM/2026-09-24/20260924_162800.WAV,3520800,7af26b0070e6ae57218bcb9ff6e5c19ca4ae3be527ffd023e3a2c92870b779bc
MAIN_5JAM_20260924_162900,MAIN_5JAM,2026-09-24T09:29:00Z,s3://audiomoth/MAIN_5JAM/2026-09-24/20260924_162900.WAV,3520800,210311d3ade71864134c3c1d3945b1cb52a227ab6a0f8bac229f8d500b13cea5
MAIN_5JAM_20260924_163000,MAIN_5JAM,2026-09-24T09:30:00Z,s3://audiomoth/MAIN_5JAM/2026-09-24/20260924_163000.WAV,3520800,21b10659fe4d1ed123d9bc280f12ff59ea46596966a0cff09c35d6e632687149
MAIN_5JAM_20260924_163100,MAIN_5JAM,2026-09-24T09:31:00Z,s3://audiomoth/MAIN_5JAM/2026-09-24/20260924_163100.WAV,3520800,95f676c48b8defc3e0275b7f57d2637a44dd9bef8b0a1b6efa1de69a638bd574
MAIN_5JAM_20260924_163200,MAIN_5JAM,2026-09-24T09:32:00Z,s3://audiomoth/MAIN_5JAM/2026-09-24/20260924_163200.WAV,3520800,e1e4ecadb6de8b70f11b3d722406b417cc036ed68f88975c95062e997119378f
MAIN_5JAM_20260924_163300,MAIN_5JAM,2026-09-24T09:33:00Z,s3://audiomoth/MAIN_5JAM/2026-09-24/20260924_163300.WAV,3520800,6d07aaf7a59f90bffae5eec9bbbd4b9f2f87d695fbe01a9be0b97d9e84906d71
MAIN_5JAM_20260924_163400,MAIN_5JAM,2026-09-24T09:34:00Z,s3://audiomoth/MAIN_5JAM/2026-09-24/20260924_163400.WAV,3520800,04fd85c1aee9e88c57020427ed0b9e7165fe3df3cfe081adfbe3b0b072f3e500
MAIN_5JAM_20260924_163500,MAIN_5JAM,2026-09-24T09:35:00Z,s3://audiomoth/MAIN_5JAM/2026-09-24/20260924_163500.WAV,3520800,6b59ea431287bef9c519e875c539dd0edd97e861af1a787bd11794e83584a47c
MAIN_5JAM_20260924_163600,MAIN_5JAM,2026-09-24T09:36:00Z,s3://audiomoth/MAIN_5JAM/2026-09-24/20260924_163600.WAV,3520800,9ddef2bbdb85bd5a117b9bd70e2d5f1cad3befc3e3640baf376509d5a73a4a05
MAIN_5JAM_20260924_163700,MAIN_5JAM,2026-09-24T09:37:00Z,s3://audiomoth/MAIN_5JAM/2026-09-24/20260924_163700.WAV,3520800,bf257cfbc4248dea3809c1097fc43586ff48d53d0312fd78264b0c5c84f008f5
MAIN_5JAM_20260924_163800,MAIN_5JAM,2026-09-24T09:38:00Z,s3://audiomoth/MAIN_5JAM/2026-09-24/20260924_163800.WAV,3520800,51d3f69492aa37f64c8c18b335342a95c119321afef5642d472d9f78288f7872
MAIN_5JAM_20260924_163900,MAIN_5JAM,2026-09-24T09:39:00Z,s3://audiomoth/MAIN_5JAM/2026-09-24/20260924_163900.WAV,3520800,7f99f1c5f0b3f090c7cb3b155f092532db785336abc1d804a943db0538e46447
MAIN_5JAM_20260924_164000,MAIN_5JAM,2026-09-24T09:40:00Z,s3://audiomoth/MAIN_5JAM/2026-09-24/20260924_164000.WAV,3520800,ae877a277ae86edc800f8145583ce4b4bd4fa747453049dd70487ce2c095719b
MAIN_5JAM_20260924_164100,MAIN_5JAM,2026-09-24T09:41:00Z,s3://audiomoth/MAIN_5JAM/2026-09-24/20260924_164100.WAV,3520800,f9e7d7163a5ee97a5f8d6602a22ac2f13aa5a9d4e3c4b513a676ad2ef6e31803
MAIN_5JAM_20260924_164200,MAIN_5JAM,2026-09-24T09:42:00Z,s3://audiomoth/MAIN_5JAM/2026-09-24/20260924_164200.WAV,3520800,a45b60fd42a1fa2c1fe57c8d12535320531ab39f4ff3187dec24c7ceb2e01966
MAIN_5JAM_20260924_164300,MAIN_5JAM,2026-09-24T09:43:00Z,s3://audiomoth/MAIN_5JAM/2026-09-24/20260924_164300.WAV,3520800,7c5b15f443754b89832e719e2c97c135a001b656ad2b051982fd7ff0bac743c6
MAIN_5JAM_20260924_164400,MAIN_5JAM,2026-09-24T09:44:00Z,s3://audiomoth/MAIN_5JAM/2026-09-24/20260924_164400.WAV,3520800,9cad78e180cb4a7242e47f861d98218e6f76f9a2ddd08f8e71e694181ce6a024
MAIN_5JAM_20260924_164500,MAIN_5JAM,2026-09-24T09:45:00Z,s3://audiomoth/MAIN_5JAM/2026-09-24/20260924_164500.WAV,3520800,99401890af52ff879ef1bf7fbad05776a2f29ec654b653b6ecefe5cd87086ede
MAIN_5JAM_20260924_164600,MAIN_5JAM,2026-09-24T09:46:00Z,s3://audiomoth/MAIN_5JAM/2026-09-24/20260924_164600.WAV,3520800,28585d73e2544368850ba0288d00053c4e25741a4bb3760813589144832261f5
MAIN_5JAM_20260924_164700,MAIN_5JAM,2026-09-24T09:47:00Z,s3://audiomoth/MAIN_5JAM/2026-09-24/20260924_164700.WAV,3520800,774a3c7e8b7643ce9fe8c48ac0f21ef605c687c26550888f30193df432da2e4b
MAIN_5JAM_20260924_164800,MAIN_5JAM,2026-09-24T09:48:00Z,s3://audiomoth/MAIN_5JAM/2026-09-24/20260924_164800.WAV,3520800,3592f002171a5aa29bcfaefa05fae3dda9cddae75756f484bb0c7d7a2b648144
MAIN_5JAM_20260924_164900,MAIN_5JAM,2026-09-24T09:49:00Z,s3://audiomoth/MAIN_5JAM/2026-09-24/20260924_164900.WAV,3520800,415752e672347429a0feeffb59ece7e86da928c466b45f84a7c8f4662d23e3e1
MAIN_5JAM_20260924_165000,MAIN_5JAM,2026-09-24T09:50:00Z,s3://audiomoth/MAIN_5JAM/2026-09-24/20260924_165000.WAV,3520800,e738fdc5ca5363a5ca1a9d914a6c7d2455401ce72aa1cd7efc91a5b501aa1b79
MAIN_5JAM_20260924_165100,MAIN_5JAM,2026-09-24T09:51:00Z,s3://audiomoth/MAIN_5JAM/2026-09-24/20260924_165100.WAV,3520800,8b0fe8250431a61db01b284e660c7eb5f53dddbd047fee0168ed53e3387a19b9
MAIN_5JAM_20260924_165200,MAIN_5JAM,2026-09-24T09:52:00Z,s3://audiomoth/MAIN_5JAM/2026-09-24/20260924_165200.WAV,3520800,3b860048c0f09cf323efa35e62c46ca3a960568045685236ad837bf101ee0aab
MAIN_5JAM_20260924_165300,MAIN_5JAM,2026-09-24T09:53:00Z,s3://audiomoth/MAIN_5JAM/2026-09-24/20260924_165300.WAV,3520800,26eec8adf97a17bb2506b044336845551623c7ca82101b55e0fb0e4c1a1dbe40
MAIN_5JAM_20260924_165400,MAIN_5JAM,2026-09-24T09:54:00Z,s3://audiomoth/MAIN_5JAM/2026-09-24/20260924_165400.WAV,3520800,aea0bcb065d7d397e32f3b54317578c61dae4b583cffda0e1f377d527c756b0c
MAIN_5JAM_20260924_165500,MAIN_5JAM,2026-09-24T09:55:00Z,s3://audiomoth/MAIN_5JAM/2026-09-24/20260924_165500.WAV,3520800,4b65349ed870b82fbd00d3f851f6bf67e98b5ddfd2c023c614be6d99cb70ed99
MAIN_5JAM_20260924_165600,MAIN_5JAM,2026-09-24T09:56:00Z,s3://audiomoth/MAIN_5JAM/2026-09-24/20260924_165600.WAV,3520800,56e4465d5ef140f4ae47ea61dcf7166f10c4f51976df2ec555f9913624a9913c
MAIN_5JAM_20260924_165700,MAIN_5JAM,2026-09-24T09:57:00Z,s3://audiomoth/MAIN_5JAM/2026-09-24/20260924_165700.WAV,3520800,2a4bec03c73ca443aeaf45374e2022104af7df2951e304d60685fb402a80d5c2
MAIN_5JAM_20260924_165800,MAIN_5JAM,2026-09-24T09:58:00Z,s3://audiomoth/MAIN_5JAM/2026-09-24/20260924_165800.WAV,3520800,c834d31655a0c79887e9e38318b4d002a0eb14d8a9260185a3040b1113a479ed
MAIN_5JAM_20260924_165900,MAIN_5JAM,2026-09-24T09:59:00Z,s3://audiomoth/MAIN_5JAM/2026-09-24/20260924_165900.WAV,3520800,bc699b7ac7b1448c41ba9bd23c66d7bf0c5dfec53ae158431e5a76c0f2f8ca91
MAIN_5JAM_20260924_170000,MAIN_5JAM,2026-09-24T10:00:00Z,s3://audiomoth/MAIN_5JAM/2026-09-24/20260924_170000.WAV,3520800,3be17686775f40310432561e791d835e143a0a9d5330581780c81d8f9b946fc1
MAIN_5JAM_20260924_170100,MAIN_5JAM,2026-09-24T10:01:00Z,s3://audiomoth/MAIN_5JAM/2026-09-24/20260924_170100.WAV,3520800,c5b233af9734aa3b0ea4b74e9c650c897da38dd69bb7be2eee4fff609c36e31b
MAIN_5JAM_20260924_170200,MAIN_5JAM,2026-09-24T10:02:00Z,s3://audiomoth/MAIN_5JAM/2026-09-24/20260924_170200.WAV,3520800,90afdac1baa5dcdabed0d8d27b2f5731b1ae48d1fc9a94548b0b4e28062376dc
MAIN_5JAM_20260924_170300,MAIN_5JAM,2026-09-24T10:03:00Z,s3://audiomoth/MAIN_5JAM/2026-09-24/20260924_170300.WAV,3520800,84b9d80fb1747f8ce769aca92870e44a839d2b7506e9bd0ceef691b179cbf80f
MAIN_5JAM_20260924_170400,MAIN_5JAM,2026-09-24T10:04:00Z,s3://audiomoth/MAIN_5JAM/2026-09-24/20260924_170400.WAV,3520800,a41a0fb12a6dc62211b56998da35ba82b15ff310d74fcc116cb4feb34d9f6973
MAIN_5JAM_20260924_170500,MAIN_5JAM,2026-09-24T10:05:00Z,s3://audiomoth/MAIN_5JAM/2026-09-24/20260924_170500.WAV,3520800,0aab207a92a459bcf64e34f5f933efe10c21e1b371b4230097ad47f53c2fb8f7
MAIN_5JAM_20260924_170600,MAIN_5JAM,2026-09-24T10:06:00Z,s3://audiomoth/MAIN_5JAM/2026-09-24/20260924_170600.WAV,3520800,ec12852c4f5eafaa5c50047cafe62013e9d2ef5aa2e7846c14c5a460faf490dd
MAIN_5JAM_20260924_170700,MAIN_5JAM,2026-09-24T10:07:00Z,s3://audiomoth/MAIN_5JAM/2026-09-24/20260924_170700.WAV,3520800,4c37b78c9a738a28ee954a0e60d4a9380f384ba97485137566e2eb7b017745b9
MAIN_5JAM_20260924_170800,MAIN_5JAM,2026-09-24T10:08:00Z,s3://audiomoth/MAIN_5JAM/2026-09-24/20260924_170800.WAV,3520800,92de96fa13005a200c5a1aaa2976b9ba5749e13aa594a3289436333f0784abb7
MAIN_5JAM_20260924_170900,MAIN_5JAM,2026-09-24T10:09:00Z,s3://audiomoth/MAIN_5JAM/2026-09-24/20260924_170900.WAV,3520800,c475eef04ab7b0e1a204b8c81d1fc03a654aa97fd14e791e3886a01114d9f66e
MAIN_5JAM_20260924_171000,MAIN_5JAM,2026-09-24T10:10:00Z,s3://audiomoth/MAIN_5JAM/2026-09-24/20260924_171000.WAV,3520800,73d5a19cc0119b6c7d51a5e0833f9034bfcda4e59227f6146da7a6f79a9167c0
MAIN_5JAM_20260924_171100,MAIN_5JAM,2026-09-24T10:11:00Z,s3://audiomoth/MAIN_5JAM/2026-09-24/20260924_171100.WAV,3520800,2d46a58dabef3b929995120e154afb89de0391d56179fcd566afbc43a46da0de
MAIN_5JAM_20260924_171200,MAIN_5JAM,2026-09-24T10:12:00Z,s3://audiomoth/MAIN_5JAM/2026-09-24/20260924_171200.WAV,3520800,90037a5cc18af784c973cc09c762d0901e734fbb4bca639fd9545d60c7c7211f
MAIN_5JAM_20260924_171300,MAIN_5JAM,2026-09-24T10:13:00Z,s3://audiomoth/MAIN_5JAM/2026-09-24/20260924_171300.WAV,3520800,49ca7342719f753067c1d99aff0183972292d363c94e39c3d67bc65d2a1ae8d0
MAIN_5JAM_20260924_171400,MAIN_5JAM,2026-09-24T10:14:00Z,s3://audiomoth/MAIN_5JAM/2026-09-24/20260924_171400.WAV,3520800,d7f1e5f5b88ec025077ae92510463a4723423980149ab6be23c1ea8b5cdd80f2
MAIN_5JAM_20260924_171500,MAIN_5JAM,2026-09-24T10:15:00Z,s3://audiomoth/MAIN_5JAM/2026-09-24/20260924_171500.WAV,3520800,7e8ced1e69fd05ae0d1a1ce7acb9ef55549f9f747c515f6f72ecca44893b6beb
MAIN_5JAM_20260924_171600,MAIN_5JAM,2026-09-24T10:16:00Z,s3://audiomoth/MAIN_5JAM/2026-09-24/20260924_171600.WAV,3520800,ef97598e838128392dd70da9a7059f78586c785768d59a0a595ec7489d84a433
MAIN_5JAM_20260924_171700,MAIN_5JAM,2026-09-24T10:17:00Z,s3://audiomoth/MAIN_5JAM/2026-09-24/20260924_171700.WAV,3520800,08aee2337d188a9641bd2593f0ab24ee5925fd62480112999fb1ae3b81daa60b
MAIN_5JAM_20260924_171800,MAIN_5JAM,2026-09-24T10:18:00Z,s3://audiomoth/MAIN_5JAM/2026-09-24/20260924_171800.WAV,3520800,65c2df5217df672d9b57c62bc78a9f97c8a7d7e52e2e2bfad3990f558f20eb8a
MAIN_5JAM_20260924_171900,MAIN_5JAM,2026-09-24T10:19:00Z,s3://audiomoth/MAIN_5JAM/2026-09-24/20260924_171900.WAV,3520800,d7d0e85431604dda5b5d07b984ad8e061844287e72c51c2b41d035471fd583b6
MAIN_5JAM_20260924_172000,MAIN_5JAM,2026-09-24T10:20:00Z,s3://audiomoth/MAIN_5JAM/2026-09-24/20260924_172000.WAV,3520800,5ad04cdb9f375673da7254c2f3848b60b4ea312710995cc526a8c72e15ae7d40
MAIN_5JAM_20260924_172100,MAIN_5JAM,2026-09-24T10:21:00Z,s3://audiomoth/MAIN_5JAM/2026-09-24/20260924_172100.WAV,3520800,9123f632b17d852e7e22178a2ebe6fe15b1454ccc2a6fc1ca2b1934d6dca0f74
MAIN_5JAM_20260924_172200,MAIN_5JAM,2026-09-24T10:22:00Z,s3://audiomoth/MAIN_5JAM/2026-09-24/20260924_172200.WAV,3520800,1b98cf44f50d69f874c6719be0be6b9dc8dc1ae4b338016c629ab752f69e5f31
MAIN_5JAM_20260924_172300,MAIN_5JAM,2026-09-24T10:23:00Z,s3://audiomoth/MAIN_5JAM/2026-09-24/20260924_172300.WAV,3520800,6af6bf54be5761cb022318489512f258be8ced6695797b01791906d1f21815bb
MAIN_5JAM_20260924_172400,MAIN_5JAM,2026-09-24T10:24:00Z,s3://audiomoth/MAIN_5JAM/2026-09-24/20260924_172400.WAV,3520800,4ee19b2cfc3568f9c196ee093d3f4dfe135d98601a42c0eab51c5782d6486390
MAIN_5JAM_20260924_172500,MAIN_5JAM,2026-09-24T10:25:00Z,s3://audiomoth/MAIN_5JAM/2026-09-24/20260924_172500.WAV,3520800,0293085687710712e76add8398f0c5f53a0e7ef1ae697b2988e8d5b16e241f14
MAIN_5JAM_20260924_172600,MAIN_5JAM,2026-09-24T10:26:00Z,s3://audiomoth/MAIN_5JAM/2026-09-24/20260924_172600.WAV,3520800,00fa9a5eadd3cef6bb89fd7763580aa6de16865e54ea1ab60f9ee38bc92eea3a
MAIN_5JAM_20260924_172700,MAIN_5JAM,2026-09-24T10:27:00Z,s3://audiomoth/MAIN_5JAM/2026-09-24/20260924_172700.WAV,3520800,9dc58ef13c8d55ba5c7a696d2a029e8d79191cdebc07e0b85d1076276563e078
MAIN_5JAM_20260924_172800,MAIN_5JAM,2026-09-24T10:28:00Z,s3://audiomoth/MAIN_5JAM/2026-09-24/20260924_172800.WAV,3520800,202d95267a26dac114fdcefa58eb2088128c077c5f01e405fe4d800c38bdcfe6
MAIN_5JAM_20260924_172900,MAIN_5JAM,2026-09-24T10:29:00Z,s3://audiomoth/MAIN_5JAM/2026-09-24/20260924_172900.WAV,3520800,9cf5f658ee794baca2f2f697151923ddf1e071e4fa38f6d5f5898791dd8c899d
MAIN_5JAM_20260924_173000,MAIN_5JAM,2026-09-24T10:30:00Z,s3://audiomoth/MAIN_5JAM/2026-09-24/20260924_173000.WAV,3520800,615990fdd6ddc721eec3429a33c5eb6a4c9d5891248253cb65d8491cbb4ba1d6
MAIN_5JAM_20260924_173100,MAIN_5JAM,2026-09-24T10:31:00Z,s3://audiomoth/MAIN_5JAM/2026-09-24/20260924_173100.WAV,3520800,d2224a73c3670f044fc33ceb4d26bc868fce792fa7088f379f4358ead1d8482a
MAIN_5JAM_20260924_173200,MAIN_5JAM,2026-09-24T10:32:00Z,s3://audiomoth/MAIN_5JAM/2026-09-24/20260924_173200.WAV,3520800,3ec664a72896898e66e9a904e04b55b0f27a2ad315ba2679ab4c0caea1a4cee0
MAIN_5JAM_20260924_173300,MAIN_5JAM,2026-09-24T10:33:00Z,s3://audiomoth/MAIN_5JAM/2026-09-24/20260924_173300.WAV,3520800,5f7950252b744e4e5fa3321f3045ffddeb9cb4925e61baf2387ec2c4b77ee24e
MAIN_5JAM_20260924_173400,MAIN_5JAM,2026-09-24T10:34:00Z,s3://audiomoth/MAIN_5JAM/2026-09-24/20260924_173400.WAV,3520800,0df1fc850a84a9d5e257ea994256346d3e07f93cdae168712fb8a120387b5709
MAIN_5JAM_20260924_173500,MAIN_5JAM,2026-09-24T10:35:00Z,s3://audiomoth/MAIN_5JAM/2026-09-24/20260924_173500.WAV,3520800,9fa75e6a996d48f354e82ce20e0397a3aa3fb6b01360ca3b6083b3d88fda4316
MAIN_5JAM_20260924_173600,MAIN_5JAM,2026-09-24T10:36:00Z,s3://audiomoth/MAIN_5JAM/2026-09-24/20260924_173600.WAV,3520800,c3f1f098d94e7d22d1a3e67e1531bd7d653e11914c61c1db790f96bec1be96b5
MAIN_5JAM_20260924_173700,MAIN_5JAM,2026-09-24T10:37:00Z,s3://audiomoth/MAIN_5JAM/2026-09-24/20260924_173700.WAV,3520800,9b5345a52195cb3b73559fc094e5c069585fc5d75889d6d4439238c99d1e7e86
MAIN_5JAM_20260924_173800,MAIN_5JAM,2026-09-24T10:38:00Z,s3://audiomoth/MAIN_5JAM/2026-09-24/20260924_173800.WAV,3520800,4297792988d87ca06680dbec6370610e1f3b4740e1b0d86bfbb385e707d5a248
MAIN_5JAM_20260924_173900,MAIN_5JAM,2026-09-24T10:39:00Z,s3://audiomoth/MAIN_5JAM/2026-09-24/20260924_173900.WAV,3520800,f94d73a0ab393a44ce2a895186e7834844f00ae1a1c0bc507c49dd1fb3295f26
MAIN_5JAM_20260924_174000,MAIN_5JAM,2026-09-24T10:40:00Z,s3://audiomoth/MAIN_5JAM/2026-09-24/20260924_174000.WAV,3520800,36666fb7a84df6ba0643a5fd37ae14031f4c51e74f8202c9d32105ac0c5ae9eb
MAIN_5JAM_20260924_174100,MAIN_5JAM,2026-09-24T10:41:00Z,s3://audiomoth/MAIN_5JAM/2026-09-24/20260924_174100.WAV,3520800,ba756d676d042a76e435412e0d2a2d16e473dfbf85557524706472264c733d69
MAIN_5JAM_20260924_174200,MAIN_5JAM,2026-09-24T10:42:00Z,s3://audiomoth/MAIN_5JAM/2026-09-24/20260924_174200.WAV,3520800,b4533730cb1889f6745712baf814785f1846ce5343ffcb1672d4a9ef5cd7fdd0
MAIN_5JAM_20260924_174300,MAIN_5JAM,2026-09-24T10:43:00Z,s3://audiomoth/MAIN_5JAM/2026-09-24/20260924_174300.WAV,3520800,85b0993b1fba8f6d00f7c0c18a023d20648937fcd485eb9e0ef6b9227d91843d
MAIN_5JAM_20260924_174400,MAIN_5JAM,2026-09-24T10:44:00Z,s3://audiomoth/MAIN_5JAM/2026-09-24/20260924_174400.WAV,3520800,90429109347c1a3a9d7b6ec0f9f65976e62ceb141a5c58e9f86c5fa92594534c
MAIN_5JAM_20260924_174500,MAIN_5JAM,2026-09-24T10:45:00Z,s3://audiomoth/MAIN_5JAM/2026-09-24/20260924_174500.WAV,3520800,73065921bc6aa98a9fadd2fcf059d5e4834299bc9034dafd0a2557fcd9aaa1f7
MAIN_5JAM_20260924_174600,MAIN_5JAM,2026-09-24T10:46:00Z,s3://audiomoth/MAIN_5JAM/2026-09-24/20260924_174600.WAV,3520800,1bba8e9635cca4ffd2eaba2752d7606a71773ab08af08071d015b322eb30d240
MAIN_5JAM_20260924_174700,MAIN_5JAM,2026-09-24T10:47:00Z,s3://audiomoth/MAIN_5JAM/2026-09-24/20260924_174700.WAV,3520800,a3820611a77df7cdee1be62533e5117ebee10d092e7b4a370117e836549f2c4a
MAIN_5JAM_20260924_174800,MAIN_5JAM,2026-09-24T10:48:00Z,s3://audiomoth/MAIN_5JAM/2026-09-24/20260924_174800.WAV,3520800,3f06376a21264eece11f594a54f3f06b99eaf0c7fff331ab67efe865e617fd6d
MAIN_5JAM_20260924_174900,MAIN_5JAM,2026-09-24T10:49:00Z,s3://audiomoth/MAIN_5JAM/2026-09-24/20260924_174900.WAV,3520800,6a287db619e565113818861a593b3f10659da7f19a0eb6ec6519aeace0230297
MAIN_5JAM_20260924_175000,MAIN_5JAM,2026-09-24T10:50:00Z,s3://audiomoth/MAIN_5JAM/2026-09-24/20260924_175000.WAV,3520800,55a07b57d92d4371183801597d638b3266b24d43b4d1ee159e90e34b8d906fa2
MAIN_5JAM_20260924_175100,MAIN_5JAM,2026-09-24T10:51:00Z,s3://audiomoth/MAIN_5JAM/2026-09-24/20260924_175100.WAV,3520800,7d84388c6ab92794225ea680b8bd938b249706afc3f6c1751e074ac04b0fcd61
MAIN_5JAM_20260924_175200,MAIN_5JAM,2026-09-24T10:52:00Z,s3://audiomoth/MAIN_5JAM/2026-09-24/20260924_175200.WAV,3520800,150ff03c30aba002d15ccd9ce663b6a136ab84a806642372047d6f8e79b2203d
MAIN_5JAM_20260924_175300,MAIN_5JAM,2026-09-24T10:53:00Z,s3://audiomoth/MAIN_5JAM/2026-09-24/20260924_175300.WAV,3520800,26f0f8008c8a4e3296e304bde6c045127d53610ed4aa398430557e57d4da97ae
MAIN_5JAM_20260924_175400,MAIN_5JAM,2026-09-24T10:54:00Z,s3://audiomoth/MAIN_5JAM/2026-09-24/20260924_175400.WAV,3520800,b2587b6669b62a4ea7542d13c1039a25ed4ee709593f1adac72240a713eaaf85
MAIN_5JAM_20260924_175500,MAIN_5JAM,2026-09-24T10:55:00Z,s3://audiomoth/MAIN_5JAM/2026-09-24/20260924_175500.WAV,3520800,f05fe4613a697cb358f8a27a97dd56d574aaa768f43cde0227be7bcce434fb76
MAIN_5JAM_20260924_175600,MAIN_5JAM,2026-09-24T10:56:00Z,s3://audiomoth/MAIN_5JAM/2026-09-24/20260924_175600.WAV,3520800,6e7d5192606768cca4b5101982b60c40129dc362d0e8e55e2fbf728437b708dd
MAIN_5JAM_20260924_175700,MAIN_5JAM,2026-09-24T10:57:00Z,s3://audiomoth/MAIN_5JAM/2026-09-24/20260924_175700.WAV,3520800,18e291f4eacbf27a0ed1a0e5f4d74483fdeec4f75fcf45418ec8aa771b50f2d2
MAIN_5JAM_20260924_175800,MAIN_5JAM,2026-09-24T10:58:00Z,s3://audiomoth/MAIN_5JAM/2026-09-24/20260924_175800.WAV,3520800,f0d99334b3c7aa8d9ef8aec846b0bb19f2698d5c3a9be36184486c651893cd03
MAIN_5JAM_20260924_175900,MAIN_5JAM,2026-09-24T10:59:00Z,s3://audiomoth/MAIN_5JAM/2026-09-24/20260924_175900.WAV,3520800,e66be7f735d3daed977c7ef9dd0b6039b9e0b69b52fdec7c025655d7cccb5b6e
MAIN_5JAM_20260924_180000,MAIN_5JAM,2026-09-24T11:00:00Z,s3://audiomoth/MAIN_5JAM/2026-09-24/20260924_180000.WAV,3520800,9b832f8ddd84f5a3f5751bb479bd71ddeb628171b8bfe0a25d055b398124d985
MAIN_5JAM_20260924_180100,MAIN_5JAM,2026-09-24T11:01:00Z,s3://audiomoth/MAIN_5JAM/2026-09-24/20260924_180100.WAV,3520800,e438553613230940203e731f59e86e1ee8b287785767be0f342d132cea3575a5
MAIN_5JAM_20260924_180200,MAIN_5JAM,2026-09-24T11:02:00Z,s3://audiomoth/MAIN_5JAM/2026-09-24/20260924_180200.WAV,3520800,53819615d3d08a08165e9b61dc2df6c6ab3bb512e610b41e6b30ac9826fa7628
MAIN_5JAM_20260924_180300,MAIN_5JAM,2026-09-24T11:03:00Z,s3://audiomoth/MAIN_5JAM/2026-09-24/20260924_180300.WAV,3520800,9786ee90d04a2a7d4c85879f44f915138456fd2a2fb421836a53eeb53b6737b1
MAIN_5JAM_20260924_180400,MAIN_5JAM,2026-09-24T11:04:00Z,s3://audiomoth/MAIN_5JAM/2026-09-24/20260924_180400.WAV,3520800,ed9b4a719bdeafbeb06b1b8de62bedd844d24db6007eb12c769d39875aa71e53
MAIN_5JAM_20260924_180500,MAIN_5JAM,2026-09-24T11:05:00Z,s3://audiomoth/MAIN_5JAM/2026-09-24/20260924_180500.WAV,3520800,fff802137eb8fa87b1d52bd333bba5f22ae3edc9adec9137964fe460712a8680
MAIN_5JAM_20260924_180600,MAIN_5JAM,2026-09-24T11:06:00Z,s3://audiomoth/MAIN_5JAM/2026-09-24/20260924_180600.WAV,3520800,a3dfe5aac49a7097b3bc94605e1ca38471f8608b9f794907c28eb34045c21125
MAIN_5JAM_20260924_180700,MAIN_5JAM,2026-09-24T11:07:00Z,s3://audiomoth/MAIN_5JAM/2026-09-24/20260924_180700.WAV,3520800,167c8c2c6cdb8457924c8537fb60fe540769aec85ee28b9c7a58b1213eded6c4
MAIN_5JAM_20260924_180800,MAIN_5JAM,2026-09-24T11:08:00Z,s3://audiomoth/MAIN_5JAM/2026-09-24/20260924_180800.WAV,3520800,40f0358bded329678a3cab9a6e9dd23b71ad447429b89d39f36a3bd0eee72434
MAIN_5JAM_20260924_180900,MAIN_5JAM,2026-09-24T11:09:00Z,s3://audiomoth/MAIN_5JAM/2026-09-24/20260924_180900.WAV,3520800,d81abed19a47cc18841f41e9cacd47849d204c992b543a1db1a0cc4e03bca452
MAIN_5JAM_20260924_181000,MAIN_5JAM,2026-09-24T11:10:00Z,s3://audiomoth/MAIN_5JAM/2026-09-24/20260924_181000.WAV,3520800,167be57667793cdff885f220af5c6b0a01bbfea4bd6f381eccb0f20551144984
MAIN_5JAM_20260924_181100,MAIN_5JAM,2026-09-24T11:11:00Z,s3://audiomoth/MAIN_5JAM/2026-09-24/20260924_181100.WAV,3520800,1c4e62cc64790dc1f214889ccd858b04e5e033da146a3817f237845494e57a64
MAIN_5JAM_20260924_181200,MAIN_5JAM,2026-09-24T11:12:00Z,s3://audiomoth/MAIN_5JAM/2026-09-24/20260924_181200.WAV,3520800,fb58c735ca191ee34e13ff4e092326f2fae49157dedffeada7abba22297b578f
MAIN_5JAM_20260924_181300,MAIN_5JAM,2026-09-24T11:13:00Z,s3://audiomoth/MAIN_5JAM/2026-09-24/20260924_181300.WAV,3520800,1c848b298e7e7f9800c51fe550f8e6a38cb9909315cb33c9f0927a70486c8097
MAIN_5JAM_20260924_181400,MAIN_5JAM,2026-09-24T11:14:00Z,s3://audiomoth/MAIN_5JAM/2026-09-24/20260924_181400.WAV,3520800,0b5ef5cd6adfa7bb94ebf46533d8a74c953cc39742bd7c7a8a7c3af17c90f15b
MAIN_5JAM_20260924_181500,MAIN_5JAM,2026-09-24T11:15:00Z,s3://audiomoth/MAIN_5JAM/2026-09-24/20260924_181500.WAV,3520800,596d2b60c12a8b1bc9d6d846ab3a7c300050182073574827f8345f6e4d948ddb
MAIN_5JAM_20260924_181600,MAIN_5JAM,2026-09-24T11:16:00Z,s3://audiomoth/MAIN_5JAM/2026-09-24/20260924_181600.WAV,3520800,894d2dcf84a53abc50f330f3983268e251dab911dadc9357fe05e7b2dfbdd3c3
MAIN_5JAM_20260924_181700,MAIN_5JAM,2026-09-24T11:17:00Z,s3://audiomoth/MAIN_5JAM/2026-09-24/20260924_181700.WAV,3520800,6ab5c328a699bdad1d805285b82a69e8adc5758fd2d0763901baad11147c1ea3
MAIN_5JAM_20260924_181800,MAIN_5JAM,2026-09-24T11:18:00Z,s3://audiomoth/MAIN_5JAM/2026-09-24/20260924_181800.WAV,3520800,758de171630fdaf0d3d6e52e4d26b912826acc4676e42aab0b5198b1d303dc64
MAIN_5JAM_20260924_181900,MAIN_5JAM,2026-09-24T11:19:00Z,s3://audiomoth/MAIN_5JAM/2026-09-24/20260924_181900.WAV,3520800,f861edc48bce4353419ef4c8b51778abe3f93c873a1f4f031a0b053d041e4693
MAIN_5JAM_20260924_182000,MAIN_5JAM,2026-09-24T11:20:00Z,s3://audiomoth/MAIN_5JAM/2026-09-24/20260924_182000.WAV,3520800,b4784579809c9d3437eeba951b12cce6999c0bc419a0c75ba249562415992e1c
MAIN_5JAM_20260924_182100,MAIN_5JAM,2026-09-24T11:21:00Z,s3://audiomoth/MAIN_5JAM/2026-09-24/20260924_182100.WAV,3520800,ba0c89f4383c0cd85cc8658b4fd6167c9c65a424ab854226cc1376e7af252719
MAIN_5JAM_20260924_182200,MAIN_5JAM,2026-09-24T11:22:00Z,s3://audiomoth/MAIN_5JAM/2026-09-24/20260924_182200.WAV,3520800,ca47de57b5ac3947e99f201fb64fcfc17042e35c0780515e382bd4ea61ac39ea
MAIN_5JAM_20260924_182300,MAIN_5JAM,2026-09-24T11:23:00Z,s3://audiomoth/MAIN_5JAM/2026-09-24/20260924_182300.WAV,3520800,cc185b12318833d903ddb32b5d203723d0cc249dacbde7ff23b9bdfaca6547ec
MAIN_5JAM_20260924_182400,MAIN_5JAM,2026-09-24T11:24:00Z,s3://audiomoth/MAIN_5JAM/2026-09-24/20260924_182400.WAV,3520800,f245bb6b743d8688cb4693792ebc606765c6c177868db3ec92f57eec2732caac
MAIN_5JAM_20260924_182500,MAIN_5JAM,2026-09-24T11:25:00Z,s3://audiomoth/MAIN_5JAM/2026-09-24/20260924_182500.WAV,3520800,d38c5377ca6eeab88018c628815d75e97f49d992e9acc607a2bb47854b9aa33b
MAIN_5JAM_20260924_182600,MAIN_5JAM,2026-09-24T11:26:00Z,s3://audiomoth/MAIN_5JAM/2026-09-24/20260924_182600.WAV,3520800,1cde21ad3ab87a51ca5422edfde744954d2a96c24cff16e846ce6a520ec15677
MAIN_5JAM_20260924_182700,MAIN_5JAM,2026-09-24T11:27:00Z,s3://audiomoth/MAIN_5JAM/2026-09-24/20260924_182700.WAV,3520800,1b37e52c3e0b13618563b79a0107d45e5a0c4a11094d40c780ad23cce797abdd
MAIN_5JAM_20260924_182800,MAIN_5JAM,2026-09-24T11:28:00Z,s3://audiomoth/MAIN_5JAM/2026-09-24/20260924_182800.WAV,3520800,bf2c2ff36387aabcf32be1fbc2710b2dbcc1ab9acefbbe17722735ccd78d5c18
MAIN_5JAM_20260924_182900,MAIN_5JAM,2026-09-24T11:29:00Z,s3://audiomoth/MAIN_5JAM/2026-09-24/20260924_182900.WAV,3520800,7d0de0e79f24dbef8cfaab9effae3e1593b7e153410b2833a0642d4ffcce5a3f
