global_position,batch_number,position_in_batch,recording_id,is_first_in_batch,is_last_in_batch
0,0,0,EMBUNGD_20260925_121000,True,False
1,0,1,EMBUNGD_20260925_121100,False,False
2,0,2,EMBUNGD_20260925_121200,False,False
3,0,3,EMBUNGD_20260925_121300,False,False
4,0,4,EMBUNGD_20260925_121400,False,False
5,0,5,EMBUNGD_20260925_121500,False,False
6,0,6,EMBUNGD_20260925_121600,False,False
7,0,7,EMBUNGD_20260925_121700,False,False
8,0,8,EMBUNGD_20260925_121800,False,False
9,0,9,EMBUNGD_20260925_121900,False,True
10,1,0,EMBUNGD_20260925_122000,True,False
11,1,1,EMBUNGD_20260925_122100,False,False
12,1,2,EMBUNGD_20260925_122200,False,False
13,1,3,EMBUNGD_20260925_122300,False,False
14,1,4,EMBUNGD_20260925_122400,False,False
15,1,5,EMBUNGD_20260925_122500,False,False
16,1,6,EMBUNGD_20260925_122600,False,False
17,1,7,EMBUNGD_20260925_122700,False,False
18,1,8,EMBUNGD_20260925_122800,False,False
19,1,9,EMBUNGD_20260925_122900,False,True
20,2,0,EMBUNGD_20260925_123000,True,False
21,2,1,EMBUNGD_20260925_123100,False,False
22,2,2,EMBUNGD_20260925_123200,False,False
23,2,3,EMBUNGD_20260925_123300,False,False
24,2,4,EMBUNGD_20260925_123400,False,False
25,2,5,EMBUNGD_20260925_123500,False,False
26,2,6,EMBUNGD_20260925_123600,False,False
27,2,7,EMBUNGD_20260925_123700,False,False
28,2,8,EMBUNGD_20260925_123800,False,False
29,2,9,EMBUNGD_20260925_123900,False,True
30,3,0,EMBUNGD_20260925_124000,True,False
31,3,1,EMBUNGD_20260925_124100,False,False
32,3,2,EMBUNGD_20260925_124200,False,False
33,3,3,EMBUNGD_20260925_124300,False,False
34,3,4,EMBUNGD_20260925_124400,False,False
35,3,5,EMBUNGD_20260925_124500,False,False
36,3,6,EMBUNGD_20260925_124600,False,False
37,3,7,EMBUNGD_20260925_124700,False,False
38,3,8,EMBUNGD_20260925_124800,False,False
39,3,9,EMBUNGD_20260925_124900,False,True
40,4,0,EMBUNGD_20260925_125000,True,False
41,4,1,EMBUNGD_20260925_125100,False,False
42,4,2,EMBUNGD_20260925_125200,False,False
43,4,3,EMBUNGD_20260925_125300,False,False
44,4,4,EMBUNGD_20260925_125400,False,False
45,4,5,EMBUNGD_20260925_125500,False,False
46,4,6,EMBUNGD_20260925_125600,False,False
47,4,7,EMBUNGD_20260925_125700,False,False
48,4,8,EMBUNGD_20260925_125800,False,False
49,4,9,EMBUNGD_20260925_125900,False,True
50,5,0,EMBUNGD_20260925_130000,True,False
51,5,1,EMBUNGD_20260925_130100,False,False
52,5,2,EMBUNGD_20260925_130200,False,False
53,5,3,EMBUNGD_20260925_130300,False,False
54,5,4,EMBUNGD_20260925_130400,False,False
55,5,5,EMBUNGD_20260925_130500,False,False
56,5,6,EMBUNGD_20260925_130600,False,False
57,5,7,EMBUNGD_20260925_130700,False,False
58,5,8,EMBUNGD_20260925_130800,False,False
59,5,9,EMBUNGD_20260925_130900,False,True
60,6,0,EMBUNGD_20260925_131000,True,False
61,6,1,EMBUNGD_20260925_131100,False,False
62,6,2,EMBUNGD_20260925_131200,False,False
63,6,3,EMBUNGD_20260925_131300,False,False
64,6,4,EMBUNGD_20260925_131400,False,False
65,6,5,EMBUNGD_20260925_131500,False,False
66,6,6,EMBUNGD_20260925_131600,False,False
67,6,7,EMBUNGD_20260925_131700,False,False
68,6,8,EMBUNGD_20260925_131800,False,False
69,6,9,EMBUNGD_20260925_131900,False,True
70,7,0,EMBUNGD_20260925_132000,True,False
71,7,1,EMBUNGD_20260925_132100,False,False
72,7,2,EMBUNGD_20260925_132200,False,False
73,7,3,EMBUNGD_20260925_132300,False,False
74,7,4,EMBUNGD_20260925_132400,False,False
75,7,5,EMBUNGD_20260925_132500,False,False
76,7,6,EMBUNGD_20260925_132600,False,False
77,7,7,EMBUNGD_20260925_132700,False,False
78,7,8,EMBUNGD_20260925_132800,False,False
79,7,9,EMBUNGD_20260925_132900,False,True
80,8,0,EMBUNGD_20260925_133000,True,False
81,8,1,EMBUNGD_20260925_133100,False,False
82,8,2,EMBUNGD_20260925_133200,False,False
83,8,3,EMBUNGD_20260925_133300,False,False
84,8,4,EMBUNGD_20260925_133400,False,False
85,8,5,EMBUNGD_20260925_133500,False,False
86,8,6,EMBUNGD_20260925_133600,False,False
87,8,7,EMBUNGD_20260925_133700,False,False
88,8,8,EMBUNGD_20260925_133800,False,False
89,8,9,EMBUNGD_20260925_133900,False,True
90,9,0,EMBUNGD_20260925_134000,True,False
91,9,1,EMBUNGD_20260925_134100,False,False
92,9,2,EMBUNGD_20260925_134200,False,False
93,9,3,EMBUNGD_20260925_134300,False,False
94,9,4,EMBUNGD_20260925_134400,False,False
95,9,5,EMBUNGD_20260925_134500,False,False
96,9,6,EMBUNGD_20260925_134600,False,False
97,9,7,EMBUNGD_20260925_134700,False,False
98,9,8,EMBUNGD_20260925_134800,False,False
99,9,9,EMBUNGD_20260925_134900,False,True
100,10,0,EMBUNGD_20260925_135830,True,True
