recording_id,device_id,start_time,source_path,file_size_bytes,sha256,expected_object_uri,expected_metadata
EMBUNGD_20260925_121000,EMBUNGD,2026-09-25T05:10:00Z,data/raw/audiomoth/robustness/embung d/20260925_121000.WAV,3520800,4ada9c7aea3fe615a52961dfb49183a32855fbd614ce5f53404245b1496dffa1,s3://audiomoth/EMBUNGD/2026-09-25/20260925_121000.WAV,EMBUNGD_20260925_121000
EMBUNGD_20260925_121100,EMBUNGD,2026-09-25T05:11:00Z,data/raw/audiomoth/robustness/embung d/20260925_121100.WAV,3520800,1d7e271947b9dd8a7776f9c7d663f0b69984af1752b72a2ce3bb1dd5580191c6,s3://audiomoth/EMBUNGD/2026-09-25/20260925_121100.WAV,EMBUNGD_20260925_121100
EMBUNGD_20260925_121200,EMBUNGD,2026-09-25T05:12:00Z,data/raw/audiomoth/robustness/embung d/20260925_121200.WAV,3520800,1c46151c4a841ebc03d5599f445ce14b0ee4db2419655cfeabf19a63e8cecd7d,s3://audiomoth/EMBUNGD/2026-09-25/20260925_121200.WAV,EMBUNGD_20260925_121200
EMBUNGD_20260925_121300,EMBUNGD,2026-09-25T05:13:00Z,data/raw/audiomoth/robustness/embung d/20260925_121300.WAV,3520800,fc5ca7540c9a938bdb98338ea5700d0e8f81a3ef0b12ed32374cfb43b68439f3,s3://audiomoth/EMBUNGD/2026-09-25/20260925_121300.WAV,EMBUNGD_20260925_121300
EMBUNGD_20260925_121400,EMBUNGD,2026-09-25T05:14:00Z,data/raw/audiomoth/robustness/embung d/20260925_121400.WAV,3520800,6ec0e9a32f26847ed9f9a92d3955d74e4a903a8abdf1e306ee60f17422e14ac3,s3://audiomoth/EMBUNGD/2026-09-25/20260925_121400.WAV,EMBUNGD_20260925_121400
EMBUNGD_20260925_121500,EMBUNGD,2026-09-25T05:15:00Z,data/raw/audiomoth/robustness/embung d/20260925_121500.WAV,3520800,b0383ef869947cafebc2cd71e760178158ab1797ed49ad4411a6a9f1469ab017,s3://audiomoth/EMBUNGD/2026-09-25/20260925_121500.WAV,EMBUNGD_20260925_121500
EMBUNGD_20260925_121600,EMBUNGD,2026-09-25T05:16:00Z,data/raw/audiomoth/robustness/embung d/20260925_121600.WAV,3520800,3826698ff21455b4e32cc23688ea72b0e65e975f1256dba60d1929c478350325,s3://audiomoth/EMBUNGD/2026-09-25/20260925_121600.WAV,EMBUNGD_20260925_121600
EMBUNGD_20260925_121700,EMBUNGD,2026-09-25T05:17:00Z,data/raw/audiomoth/robustness/embung d/20260925_121700.WAV,3520800,bba45eeabdc8fefc677d4c443c95a907fa4b68283a944dc78f93a753b4005179,s3://audiomoth/EMBUNGD/2026-09-25/20260925_121700.WAV,EMBUNGD_20260925_121700
EMBUNGD_20260925_121800,EMBUNGD,2026-09-25T05:18:00Z,data/raw/audiomoth/robustness/embung d/20260925_121800.WAV,3520800,12d49092762878a796711b8a810bd67aa017f1c5343dbadf124f5c4d95e8c325,s3://audiomoth/EMBUNGD/2026-09-25/20260925_121800.WAV,EMBUNGD_20260925_121800
EMBUNGD_20260925_121900,EMBUNGD,2026-09-25T05:19:00Z,data/raw/audiomoth/robustness/embung d/20260925_121900.WAV,3520800,8895c195f7d5656a7462808272fa182e5071d5dfb217369245ad6dfd356c1180,s3://audiomoth/EMBUNGD/2026-09-25/20260925_121900.WAV,EMBUNGD_20260925_121900
EMBUNGD_20260925_122000,EMBUNGD,2026-09-25T05:20:00Z,data/raw/audiomoth/robustness/embung d/20260925_122000.WAV,3520800,54c7ca89f56f904a47ae883a5c2b5337de4d16353767276012e08f448764fb32,s3://audiomoth/EMBUNGD/2026-09-25/20260925_122000.WAV,EMBUNGD_20260925_122000
EMBUNGD_20260925_122100,EMBUNGD,2026-09-25T05:21:00Z,data/raw/audiomoth/robustness/embung d/20260925_122100.WAV,3520800,5f5989710975d260b8f29e7bed84c27a9f4b465351c37f4e41126ef61c954759,s3://audiomoth/EMBUNGD/2026-09-25/20260925_122100.WAV,EMBUNGD_20260925_122100
EMBUNGD_20260925_122200,EMBUNGD,2026-09-25T05:22:00Z,data/raw/audiomoth/robustness/embung d/20260925_122200.WAV,3520800,da144e0e4fc8e88e6845c6acc3f169c477079373664a4f3dc6fc4eec636fb90f,s3://audiomoth/EMBUNGD/2026-09-25/20260925_122200.WAV,EMBUNGD_20260925_122200
EMBUNGD_20260925_122300,EMBUNGD,2026-09-25T05:23:00Z,data/raw/audiomoth/robustness/embung d/20260925_122300.WAV,3520800,1128baf4388b076b167988c8bee32406fa580636be61370f9e7f20f3b51f0ce4,s3://audiomoth/EMBUNGD/2026-09-25/20260925_122300.WAV,EMBUNGD_20260925_122300
EMBUNGD_20260925_122400,EMBUNGD,2026-09-25T05:24:00Z,data/raw/audiomoth/robustness/embung d/20260925_122400.WAV,3520800,f709d9a6cf8e0e9f0912edf0b2cf8f964eee4bc87f231e22004cae999b545085,s3://audiomoth/EMBUNGD/2026-09-25/20260925_122400.WAV,EMBUNGD_20260925_122400
EMBUNGD_20260925_122500,EMBUNGD,2026-09-25T05:25:00Z,data/raw/audiomoth/robustness/embung d/20260925_122500.WAV,3520800,81a695c7d7c139fafaf4c9cc4577587710983cc807bce8e2b1979c30a92d1a7f,s3://audiomoth/EMBUNGD/2026-09-25/20260925_122500.WAV,EMBUNGD_20260925_122500
EMBUNGD_20260925_122600,EMBUNGD,2026-09-25T05:26:00Z,data/raw/audiomoth/robustness/embung d/20260925_122600.WAV,3520800,c9bb304de4994f3ad296bbacd0a77a01524e4fad0bfb185072d9285264c7411a,s3://audiomoth/EMBUNGD/2026-09-25/20260925_122600.WAV,EMBUNGD_20260925_122600
EMBUNGD_20260925_122700,EMBUNGD,2026-09-25T05:27:00Z,data/raw/audiomoth/robustness/embung d/20260925_122700.WAV,3520800,4e0ca17d660515e652873caf05c15c6349c99bff2f0f38e32ec5e1a26b8add78,s3://audiomoth/EMBUNGD/2026-09-25/20260925_122700.WAV,EMBUNGD_20260925_122700
EMBUNGD_20260925_122800,EMBUNGD,2026-09-25T05:28:00Z,data/raw/audiomoth/robustness/embung d/20260925_122800.WAV,3520800,cbe78044e8ff0e0f9aca68d8897813faaa3dc8f2d99448b90cbf9df2ca239058,s3://audiomoth/EMBUNGD/2026-09-25/20260925_122800.WAV,EMBUNGD_20260925_122800
EMBUNGD_20260925_122900,EMBUNGD,2026-09-25T05:29:00Z,data/raw/audiomoth/robustness/embung d/20260925_122900.WAV,3520800,94d9988acac366632e8f8263cb2ed2bfecf7e98096f2efcc6a129e75c717704d,s3://audiomoth/EMBUNGD/2026-09-25/20260925_122900.WAV,EMBUNGD_20260925_122900
EMBUNGD_20260925_123000,EMBUNGD,2026-09-25T05:30:00Z,data/raw/audiomoth/robustness/embung d/20260925_123000.WAV,3520800,5cb1ecfaeaa78987bd5e9a16e044029b99d0fc1d1f372eda95d97a265f0a17be,s3://audiomoth/EMBUNGD/2026-09-25/20260925_123000.WAV,EMBUNGD_20260925_123000
EMBUNGD_20260925_123100,EMBUNGD,2026-09-25T05:31:00Z,data/raw/audiomoth/robustness/embung d/20260925_123100.WAV,3520800,147a3228269e71365bf3deacbd1d150a5a6508186225e22be1cdf9dae80f2dfe,s3://audiomoth/EMBUNGD/2026-09-25/20260925_123100.WAV,EMBUNGD_20260925_123100
EMBUNGD_20260925_123200,EMBUNGD,2026-09-25T05:32:00Z,data/raw/audiomoth/robustness/embung d/20260925_123200.WAV,3520800,77b09181443699c849cb9bbf32a70d4ad2c1c617fbdc11e07c8b35a655686878,s3://audiomoth/EMBUNGD/2026-09-25/20260925_123200.WAV,EMBUNGD_20260925_123200
EMBUNGD_20260925_123300,EMBUNGD,2026-09-25T05:33:00Z,data/raw/audiomoth/robustness/embung d/20260925_123300.WAV,3520800,70d8f09569a7f1b54d861f7c4b5346ba1dba6e9083a7f73e0b5b63a076b7e4c0,s3://audiomoth/EMBUNGD/2026-09-25/20260925_123300.WAV,EMBUNGD_20260925_123300
EMBUNGD_20260925_123400,EMBUNGD,2026-09-25T05:34:00Z,data/raw/audiomoth/robustness/embung d/20260925_123400.WAV,3520800,77bebd9a3121c011abe07f313faf8af7be5b407532271561490bbf74bfe775a6,s3://audiomoth/EMBUNGD/2026-09-25/20260925_123400.WAV,EMBUNGD_20260925_123400
EMBUNGD_20260925_123500,EMBUNGD,2026-09-25T05:35:00Z,data/raw/audiomoth/robustness/embung d/20260925_123500.WAV,3520800,b47903c80efa98965351ae528fe0fd65d24b17e421903a9d52290c159f24ceb3,s3://audiomoth/EMBUNGD/2026-09-25/20260925_123500.WAV,EMBUNGD_20260925_123500
EMBUNGD_20260925_123600,EMBUNGD,2026-09-25T05:36:00Z,data/raw/audiomoth/robustness/embung d/20260925_123600.WAV,3520800,b47fa325146e1cba3b00cf346fc04789c42843ddc2a3e4f8538b55d63b867a63,s3://audiomoth/EMBUNGD/2026-09-25/20260925_123600.WAV,EMBUNGD_20260925_123600
EMBUNGD_20260925_123700,EMBUNGD,2026-09-25T05:37:00Z,data/raw/audiomoth/robustness/embung d/20260925_123700.WAV,3520800,0d8ff2c9398997f52c0f3d00f11a70f106d8d438cfdcbccff8fbe0c4522593ff,s3://audiomoth/EMBUNGD/2026-09-25/20260925_123700.WAV,EMBUNGD_20260925_123700
EMBUNGD_20260925_123800,EMBUNGD,2026-09-25T05:38:00Z,data/raw/audiomoth/robustness/embung d/20260925_123800.WAV,3520800,1fa46ef9b6b6b6d5ff70a248c07f50adc23c1549e18d1728bb02bb71aae38949,s3://audiomoth/EMBUNGD/2026-09-25/20260925_123800.WAV,EMBUNGD_20260925_123800
EMBUNGD_20260925_123900,EMBUNGD,2026-09-25T05:39:00Z,data/raw/audiomoth/robustness/embung d/20260925_123900.WAV,3520800,af48608a56e7a44dfbb7daa9fae304abdfd604597fce670c12c9526e4730881e,s3://audiomoth/EMBUNGD/2026-09-25/20260925_123900.WAV,EMBUNGD_20260925_123900
EMBUNGD_20260925_124000,EMBUNGD,2026-09-25T05:40:00Z,data/raw/audiomoth/robustness/embung d/20260925_124000.WAV,3520800,3cf993e02dbf118dd6ae8612fa7c32b0a38ce384f707edb69e0d6874edcbe372,s3://audiomoth/EMBUNGD/2026-09-25/20260925_124000.WAV,EMBUNGD_20260925_124000
EMBUNGD_20260925_124100,EMBUNGD,2026-09-25T05:41:00Z,data/raw/audiomoth/robustness/embung d/20260925_124100.WAV,3520800,d3944453d56df18059330587636691bd99afbb8a9545de4fdafa46ae14d7fb93,s3://audiomoth/EMBUNGD/2026-09-25/20260925_124100.WAV,EMBUNGD_20260925_124100
EMBUNGD_20260925_124200,EMBUNGD,2026-09-25T05:42:00Z,data/raw/audiomoth/robustness/embung d/20260925_124200.WAV,3520800,aaccc8365d1c5fcab976f3993d60e2bb86ba262103a9eb1286cb0792685b694c,s3://audiomoth/EMBUNGD/2026-09-25/20260925_124200.WAV,EMBUNGD_20260925_124200
EMBUNGD_20260925_124300,EMBUNGD,2026-09-25T05:43:00Z,data/raw/audiomoth/robustness/embung d/20260925_124300.WAV,3520800,19e975f7d07c80613a23bb2301f50f99560969c0360d2517210c8c51955e5237,s3://audiomoth/EMBUNGD/2026-09-25/20260925_124300.WAV,EMBUNGD_20260925_124300
EMBUNGD_20260925_124400,EMBUNGD,2026-09-25T05:44:00Z,data/raw/audiomoth/robustness/embung d/20260925_124400.WAV,3520800,30e25dfd1b0cba6437d1a42a6b9df898a9a6994fc3f3f12daf52996548f6bfb7,s3://audiomoth/EMBUNGD/2026-09-25/20260925_124400.WAV,EMBUNGD_20260925_124400
EMBUNGD_20260925_124500,EMBUNGD,2026-09-25T05:45:00Z,data/raw/audiomoth/robustness/embung d/20260925_124500.WAV,3520800,59ddfdff48ec2fc1e71360c515c5356cbf7d84e3e1386333095da5e7af8c70b3,s3://audiomoth/EMBUNGD/2026-09-25/20260925_124500.WAV,EMBUNGD_20260925_124500
EMBUNGD_20260925_124600,EMBUNGD,2026-09-25T05:46:00Z,data/raw/audiomoth/robustness/embung d/20260925_124600.WAV,3520800,78bbb91f90fb1a86a45996109bf1a564931671a8be1115577969a1e58f4cb72c,s3://audiomoth/EMBUNGD/2026-09-25/20260925_124600.WAV,EMBUNGD_20260925_124600
EMBUNGD_20260925_124700,EMBUNGD,2026-09-25T05:47:00Z,data/raw/audiomoth/robustness/embung d/20260925_124700.WAV,3520800,f551cbb60bee0eaf35462ee24b83853b867828648164924cb31b0d5655c452fd,s3://audiomoth/EMBUNGD/2026-09-25/20260925_124700.WAV,EMBUNGD_20260925_124700
EMBUNGD_20260925_124800,EMBUNGD,2026-09-25T05:48:00Z,data/raw/audiomoth/robustness/embung d/20260925_124800.WAV,3520800,9ef97332e5a695850a9451628cbce3e9c7baac28c1e7909d646d01f092f7ee59,s3://audiomoth/EMBUNGD/2026-09-25/20260925_124800.WAV,EMBUNGD_20260925_124800
EMBUNGD_20260925_124900,EMBUNGD,2026-09-25T05:49:00Z,data/raw/audiomoth/robustness/embung d/20260925_124900.WAV,3520800,549ce0a9eab3a51de7b65b03e536f2f90a5437a94315078ca54a339f7ea6775c,s3://audiomoth/EMBUNGD/2026-09-25/20260925_124900.WAV,EMBUNGD_20260925_124900
EMBUNGD_20260925_125000,EMBUNGD,2026-09-25T05:50:00Z,data/raw/audiomoth/robustness/embung d/20260925_125000.WAV,3520800,74d1713f90f9bd33b189cacabb7b6db473abaced4d51c529bb95c923b06785d4,s3://audiomoth/EMBUNGD/2026-09-25/20260925_125000.WAV,EMBUNGD_20260925_125000
EMBUNGD_20260925_125100,EMBUNGD,2026-09-25T05:51:00Z,data/raw/audiomoth/robustness/embung d/20260925_125100.WAV,3520800,bc35a53053789f36bad01a39c1a9eff5894e9f344a61ba979cb3cc530d7488bf,s3://audiomoth/EMBUNGD/2026-09-25/20260925_125100.WAV,EMBUNGD_20260925_125100
EMBUNGD_20260925_125200,EMBUNGD,2026-09-25T05:52:00Z,data/raw/audiomoth/robustness/embung d/20260925_125200.WAV,3520800,e60cec396bb7e9af29110e7a040141473cb8d63dcc5aca0ee56e24b19d7cab76,s3://audiomoth/EMBUNGD/2026-09-25/20260925_125200.WAV,EMBUNGD_20260925_125200
EMBUNGD_20260925_125300,EMBUNGD,2026-09-25T05:53:00Z,data/raw/audiomoth/robustness/embung d/20260925_125300.WAV,3520800,b47421554c7d7c47d9959c5f82058be07fe4c92bb5ceae6b68ef624e52e51f28,s3://audiomoth/EMBUNGD/2026-09-25/20260925_125300.WAV,EMBUNGD_20260925_125300
EMBUNGD_20260925_125400,EMBUNGD,2026-09-25T05:54:00Z,data/raw/audiomoth/robustness/embung d/20260925_125400.WAV,3520800,deef7f25d36dd57dbbc4dfeaace3d690e31a43e41a29f2980d9f1229255cec22,s3://audiomoth/EMBUNGD/2026-09-25/20260925_125400.WAV,EMBUNGD_20260925_125400
EMBUNGD_20260925_125500,EMBUNGD,2026-09-25T05:55:00Z,data/raw/audiomoth/robustness/embung d/20260925_125500.WAV,3520800,48a859e06e668d4502f600580a23b1eebd174f770937694303ea74bc8a68999d,s3://audiomoth/EMBUNGD/2026-09-25/20260925_125500.WAV,EMBUNGD_20260925_125500
EMBUNGD_20260925_125600,EMBUNGD,2026-09-25T05:56:00Z,data/raw/audiomoth/robustness/embung d/20260925_125600.WAV,3520800,92621fa321b91bb5d3569c62746b640757446c872a5486892c4f225a98dc4ad1,s3://audiomoth/EMBUNGD/2026-09-25/20260925_125600.WAV,EMBUNGD_20260925_125600
EMBUNGD_20260925_125700,EMBUNGD,2026-09-25T05:57:00Z,data/raw/audiomoth/robustness/embung d/20260925_125700.WAV,3520800,947421aeb1012c57873a350ef785776ccd0e91526d6ba4c30d2cd4f7cd98a822,s3://audiomoth/EMBUNGD/2026-09-25/20260925_125700.WAV,EMBUNGD_20260925_125700
EMBUNGD_20260925_125800,EMBUNGD,2026-09-25T05:58:00Z,data/raw/audiomoth/robustness/embung d/20260925_125800.WAV,3520800,21f2bae5ad8be9e9d076d9fbae0ad94727d4bc571f9555e4a67450899d6e19e0,s3://audiomoth/EMBUNGD/2026-09-25/20260925_125800.WAV,EMBUNGD_20260925_125800
EMBUNGD_20260925_125900,EMBUNGD,2026-09-25T05:59:00Z,data/raw/audiomoth/robustness/embung d/20260925_125900.WAV,3520800,a458c95233e5495970fd22361d2d862c44ae8dcfc851594bbe630291daa43cd6,s3://audiomoth/EMBUNGD/2026-09-25/20260925_125900.WAV,EMBUNGD_20260925_125900
EMBUNGD_20260925_130000,EMBUNGD,2026-09-25T06:00:00Z,data/raw/audiomoth/robustness/embung d/20260925_130000.WAV,3520800,b05b80c7f83dedd7a996fcd07039910d7d14582f28ea73d638bfe172f0ed9885,s3://audiomoth/EMBUNGD/2026-09-25/20260925_130000.WAV,EMBUNGD_20260925_130000
EMBUNGD_20260925_130100,EMBUNGD,2026-09-25T06:01:00Z,data/raw/audiomoth/robustness/embung d/20260925_130100.WAV,3520800,5717674b0815fc1bf564f931ed1cd14e46e0fdb22e7bae533d0816f3e88845c8,s3://audiomoth/EMBUNGD/2026-09-25/20260925_130100.WAV,EMBUNGD_20260925_130100
EMBUNGD_20260925_130200,EMBUNGD,2026-09-25T06:02:00Z,data/raw/audiomoth/robustness/embung d/20260925_130200.WAV,3520800,ee29fcae8abc05d01c5e99f6c39ff341fcdec0830924f4bbd65458d6910c631a,s3://audiomoth/EMBUNGD/2026-09-25/20260925_130200.WAV,EMBUNGD_20260925_130200
EMBUNGD_20260925_130300,EMBUNGD,2026-09-25T06:03:00Z,data/raw/audiomoth/robustness/embung d/20260925_130300.WAV,3520800,b29d796c7d8e8ce0608f6818f864f384600094c134d97f9ed6419b5e92ba0b3f,s3://audiomoth/EMBUNGD/2026-09-25/20260925_130300.WAV,EMBUNGD_20260925_130300
EMBUNGD_20260925_130400,EMBUNGD,2026-09-25T06:04:00Z,data/raw/audiomoth/robustness/embung d/20260925_130400.WAV,3520800,884e398a7ab530e9097264eff8bb6035a3612060cf533977a73769c5dfd58202,s3://audiomoth/EMBUNGD/2026-09-25/20260925_130400.WAV,EMBUNGD_20260925_130400
EMBUNGD_20260925_130500,EMBUNGD,2026-09-25T06:05:00Z,data/raw/audiomoth/robustness/embung d/20260925_130500.WAV,3520800,acec7eea7fe241ae8537d75770467ae215e4d5d66d9892d0a31e18939c53d187,s3://audiomoth/EMBUNGD/2026-09-25/20260925_130500.WAV,EMBUNGD_20260925_130500
EMBUNGD_20260925_130600,EMBUNGD,2026-09-25T06:06:00Z,data/raw/audiomoth/robustness/embung d/20260925_130600.WAV,3520800,11018aed5eee2a94ec1f5272896f6d9a466b53da33fb9313eedc9484c7ae0d78,s3://audiomoth/EMBUNGD/2026-09-25/20260925_130600.WAV,EMBUNGD_20260925_130600
EMBUNGD_20260925_130700,EMBUNGD,2026-09-25T06:07:00Z,data/raw/audiomoth/robustness/embung d/20260925_130700.WAV,3520800,6458f40458cc36f5dd17ffb344458571c04b8d11a667097b3de019be4fe50507,s3://audiomoth/EMBUNGD/2026-09-25/20260925_130700.WAV,EMBUNGD_20260925_130700
EMBUNGD_20260925_130800,EMBUNGD,2026-09-25T06:08:00Z,data/raw/audiomoth/robustness/embung d/20260925_130800.WAV,3520800,5d94b1c3949349c4cc20afaa06921ec9ca2cec0129c999365b117645086e645a,s3://audiomoth/EMBUNGD/2026-09-25/20260925_130800.WAV,EMBUNGD_20260925_130800
EMBUNGD_20260925_130900,EMBUNGD,2026-09-25T06:09:00Z,data/raw/audiomoth/robustness/embung d/20260925_130900.WAV,3520800,c5aa57da3f0dcfb804112113224c586281ee142727bdd136e081dd1ca5e16f94,s3://audiomoth/EMBUNGD/2026-09-25/20260925_130900.WAV,EMBUNGD_20260925_130900
EMBUNGD_20260925_131000,EMBUNGD,2026-09-25T06:10:00Z,data/raw/audiomoth/robustness/embung d/20260925_131000.WAV,3520800,bbc46896c62499e0500f9b663c2c4c0d37bb7aec52b9185df2800c6a8045a6e8,s3://audiomoth/EMBUNGD/2026-09-25/20260925_131000.WAV,EMBUNGD_20260925_131000
EMBUNGD_20260925_131100,EMBUNGD,2026-09-25T06:11:00Z,data/raw/audiomoth/robustness/embung d/20260925_131100.WAV,3520800,24b4a7427a3ad4fde2d61004f2afccfd8b163298739d5efabb4ec903c7288cd5,s3://audiomoth/EMBUNGD/2026-09-25/20260925_131100.WAV,EMBUNGD_20260925_131100
EMBUNGD_20260925_131200,EMBUNGD,2026-09-25T06:12:00Z,data/raw/audiomoth/robustness/embung d/20260925_131200.WAV,3520800,a2ddfad035c687faafe7c38ceecde65079f0c1616b6cd9b571109bc97750498f,s3://audiomoth/EMBUNGD/2026-09-25/20260925_131200.WAV,EMBUNGD_20260925_131200
EMBUNGD_20260925_131300,EMBUNGD,2026-09-25T06:13:00Z,data/raw/audiomoth/robustness/embung d/20260925_131300.WAV,3520800,cc670b81ca444340d6d0d44d53895ccc6a8b60d3c3e4ba70464081389ab237f5,s3://audiomoth/EMBUNGD/2026-09-25/20260925_131300.WAV,EMBUNGD_20260925_131300
EMBUNGD_20260925_131400,EMBUNGD,2026-09-25T06:14:00Z,data/raw/audiomoth/robustness/embung d/20260925_131400.WAV,3520800,b9d555b6a6c5ccb104b51fc6468b229c55d0d86433b68466949edca6bd29657c,s3://audiomoth/EMBUNGD/2026-09-25/20260925_131400.WAV,EMBUNGD_20260925_131400
EMBUNGD_20260925_131500,EMBUNGD,2026-09-25T06:15:00Z,data/raw/audiomoth/robustness/embung d/20260925_131500.WAV,3520800,0eb75a741f5b7ada87387f5249b2c230611389e95c7c1758c9fd55ef99b4bf34,s3://audiomoth/EMBUNGD/2026-09-25/20260925_131500.WAV,EMBUNGD_20260925_131500
EMBUNGD_20260925_131600,EMBUNGD,2026-09-25T06:16:00Z,data/raw/audiomoth/robustness/embung d/20260925_131600.WAV,3520800,b66c06cc4e78fd039ddf0085b9f6746cd00054768c0e61333799e562786b7184,s3://audiomoth/EMBUNGD/2026-09-25/20260925_131600.WAV,EMBUNGD_20260925_131600
EMBUNGD_20260925_131700,EMBUNGD,2026-09-25T06:17:00Z,data/raw/audiomoth/robustness/embung d/20260925_131700.WAV,3520800,78ceefda6a28d1e0ad2e7f8ac7f0c45b336e215aedb1ee69ed35acafe2e44d31,s3://audiomoth/EMBUNGD/2026-09-25/20260925_131700.WAV,EMBUNGD_20260925_131700
EMBUNGD_20260925_131800,EMBUNGD,2026-09-25T06:18:00Z,data/raw/audiomoth/robustness/embung d/20260925_131800.WAV,3520800,60e4529d2b6485293ac1f6c599a5e01138d88019af9721383b8bbc1f886f748b,s3://audiomoth/EMBUNGD/2026-09-25/20260925_131800.WAV,EMBUNGD_20260925_131800
EMBUNGD_20260925_131900,EMBUNGD,2026-09-25T06:19:00Z,data/raw/audiomoth/robustness/embung d/20260925_131900.WAV,3520800,64e99d6282de22472a09cca196df72214d8342e6190c809a9cc64c0cbcd34f68,s3://audiomoth/EMBUNGD/2026-09-25/20260925_131900.WAV,EMBUNGD_20260925_131900
EMBUNGD_20260925_132000,EMBUNGD,2026-09-25T06:20:00Z,data/raw/audiomoth/robustness/embung d/20260925_132000.WAV,3520800,cd6727a2fa8b061c78ae810f5a6475273ec2f349628c8733a0572d89b60a33cc,s3://audiomoth/EMBUNGD/2026-09-25/20260925_132000.WAV,EMBUNGD_20260925_132000
EMBUNGD_20260925_132100,EMBUNGD,2026-09-25T06:21:00Z,data/raw/audiomoth/robustness/embung d/20260925_132100.WAV,3520800,079a5dc6953b2dd432cfa10e14d91bde6278019789d493376f047bfb50e5f1f8,s3://audiomoth/EMBUNGD/2026-09-25/20260925_132100.WAV,EMBUNGD_20260925_132100
EMBUNGD_20260925_132200,EMBUNGD,2026-09-25T06:22:00Z,data/raw/audiomoth/robustness/embung d/20260925_132200.WAV,3520800,3f9ddd2a9c29a355337dd65867601f234db850da3172d7a6219622514ff3ed7b,s3://audiomoth/EMBUNGD/2026-09-25/20260925_132200.WAV,EMBUNGD_20260925_132200
EMBUNGD_20260925_132300,EMBUNGD,2026-09-25T06:23:00Z,data/raw/audiomoth/robustness/embung d/20260925_132300.WAV,3520800,f98aac17c96c460e6f0ecadc2b5dbe5005b528223201328c2cd952b29620fd9c,s3://audiomoth/EMBUNGD/2026-09-25/20260925_132300.WAV,EMBUNGD_20260925_132300
EMBUNGD_20260925_132400,EMBUNGD,2026-09-25T06:24:00Z,data/raw/audiomoth/robustness/embung d/20260925_132400.WAV,3520800,f6739ef102cbe2d1963e2101f26db42ec5db93e1db1896b231fff7f0a34fb068,s3://audiomoth/EMBUNGD/2026-09-25/20260925_132400.WAV,EMBUNGD_20260925_132400
EMBUNGD_20260925_132500,EMBUNGD,2026-09-25T06:25:00Z,data/raw/audiomoth/robustness/embung d/20260925_132500.WAV,3520800,87ce4202406b31a515a92429cfe7e27d57dc6fcf42a897fdeab11db6613b1a45,s3://audiomoth/EMBUNGD/2026-09-25/20260925_132500.WAV,EMBUNGD_20260925_132500
EMBUNGD_20260925_132600,EMBUNGD,2026-09-25T06:26:00Z,data/raw/audiomoth/robustness/embung d/20260925_132600.WAV,3520800,4bfd99405495321f81b03edabbdbf392b30d77cf38e17f13812872d31c921618,s3://audiomoth/EMBUNGD/2026-09-25/20260925_132600.WAV,EMBUNGD_20260925_132600
EMBUNGD_20260925_132700,EMBUNGD,2026-09-25T06:27:00Z,data/raw/audiomoth/robustness/embung d/20260925_132700.WAV,3520800,1160c7d76f146db146ec994bbf37a4f289b2f608dfb14f77d5a4285698ecf1ce,s3://audiomoth/EMBUNGD/2026-09-25/20260925_132700.WAV,EMBUNGD_20260925_132700
EMBUNGD_20260925_132800,EMBUNGD,2026-09-25T06:28:00Z,data/raw/audiomoth/robustness/embung d/20260925_132800.WAV,3520800,1f6a49a0578c7aff4d536f4d1699693e2af074bc5059902a6eb7062b4722f049,s3://audiomoth/EMBUNGD/2026-09-25/20260925_132800.WAV,EMBUNGD_20260925_132800
EMBUNGD_20260925_132900,EMBUNGD,2026-09-25T06:29:00Z,data/raw/audiomoth/robustness/embung d/20260925_132900.WAV,3520800,791d19db98b5707a766b4642bbd8d173ce9e67d4809260e306e7c7ba41884db6,s3://audiomoth/EMBUNGD/2026-09-25/20260925_132900.WAV,EMBUNGD_20260925_132900
EMBUNGD_20260925_133000,EMBUNGD,2026-09-25T06:30:00Z,data/raw/audiomoth/robustness/embung d/20260925_133000.WAV,3520800,2005eed00a96583fda510b4137cd3e76fb34a9ec3a7f26356c6b31b832ba16cf,s3://audiomoth/EMBUNGD/2026-09-25/20260925_133000.WAV,EMBUNGD_20260925_133000
EMBUNGD_20260925_133100,EMBUNGD,2026-09-25T06:31:00Z,data/raw/audiomoth/robustness/embung d/20260925_133100.WAV,3520800,5abf07d440f6617f3b4530ab5f58df87dcadcffc6e86e4c600d8843ce3cab9aa,s3://audiomoth/EMBUNGD/2026-09-25/20260925_133100.WAV,EMBUNGD_20260925_133100
EMBUNGD_20260925_133200,EMBUNGD,2026-09-25T06:32:00Z,data/raw/audiomoth/robustness/embung d/20260925_133200.WAV,3520800,265739b43ebd752087cdb0299cf1dddeb0a7fd55250958736690a826bbf384b4,s3://audiomoth/EMBUNGD/2026-09-25/20260925_133200.WAV,EMBUNGD_20260925_133200
EMBUNGD_20260925_133300,EMBUNGD,2026-09-25T06:33:00Z,data/raw/audiomoth/robustness/embung d/20260925_133300.WAV,3520800,618666c78e18fe4a93d3e65a927c0dd1c26f9476d649cdd4f42675b85a252dae,s3://audiomoth/EMBUNGD/2026-09-25/20260925_133300.WAV,EMBUNGD_20260925_133300
EMBUNGD_20260925_133400,EMBUNGD,2026-09-25T06:34:00Z,data/raw/audiomoth/robustness/embung d/20260925_133400.WAV,3520800,0e4124d8cce78b32d55a6273e59d53de67273e93b31aa76c943488fc2825437c,s3://audiomoth/EMBUNGD/2026-09-25/20260925_133400.WAV,EMBUNGD_20260925_133400
EMBUNGD_20260925_133500,EMBUNGD,2026-09-25T06:35:00Z,data/raw/audiomoth/robustness/embung d/20260925_133500.WAV,3520800,3131eccc9fd7f56c6865d4a77de800c395ed3d15d7d2cd332f18710da309eed6,s3://audiomoth/EMBUNGD/2026-09-25/20260925_133500.WAV,EMBUNGD_20260925_133500
EMBUNGD_20260925_133600,EMBUNGD,2026-09-25T06:36:00Z,data/raw/audiomoth/robustness/embung d/20260925_133600.WAV,3520800,c96536b8ed879aaaf33c809c0f1a4c8579b2f5ec86aafba5af0b5120c63d4cf2,s3://audiomoth/EMBUNGD/2026-09-25/20260925_133600.WAV,EMBUNGD_20260925_133600
EMBUNGD_20260925_133700,EMBUNGD,2026-09-25T06:37:00Z,data/raw/audiomoth/robustness/embung d/20260925_133700.WAV,3520800,42e8f1cf5bf2a712666a98ed445f486fd4b6a94456843b53886cb58c0cca2fb4,s3://audiomoth/EMBUNGD/2026-09-25/20260925_133700.WAV,EMBUNGD_20260925_133700
EMBUNGD_20260925_133800,EMBUNGD,2026-09-25T06:38:00Z,data/raw/audiomoth/robustness/embung d/20260925_133800.WAV,3520800,53156b41ab68814b37bd1852148c8aeadb76e8bb0d745310147071abcfe9d800,s3://audiomoth/EMBUNGD/2026-09-25/20260925_133800.WAV,EMBUNGD_20260925_133800
EMBUNGD_20260925_133900,EMBUNGD,2026-09-25T06:39:00Z,data/raw/audiomoth/robustness/embung d/20260925_133900.WAV,3520800,6a2d262fff4947805d859698a2f775a7fa9c8f7ddf4ccbab06a143238577b5ff,s3://audiomoth/EMBUNGD/2026-09-25/20260925_133900.WAV,EMBUNGD_20260925_133900
EMBUNGD_20260925_134000,EMBUNGD,2026-09-25T06:40:00Z,data/raw/audiomoth/robustness/embung d/20260925_134000.WAV,3520800,de2392c39c5cd7cfef374ccd918e5c2b881e5a8999f0eb2bee48af0546b95712,s3://audiomoth/EMBUNGD/2026-09-25/20260925_134000.WAV,EMBUNGD_20260925_134000
EMBUNGD_20260925_134100,EMBUNGD,2026-09-25T06:41:00Z,data/raw/audiomoth/robustness/embung d/20260925_134100.WAV,3520800,af7965bbdf58d8cb90d6594af4c8dc1d0eaf281a1aad3b5cc48a4e465d0d4680,s3://audiomoth/EMBUNGD/2026-09-25/20260925_134100.WAV,EMBUNGD_20260925_134100
EMBUNGD_20260925_134200,EMBUNGD,2026-09-25T06:42:00Z,data/raw/audiomoth/robustness/embung d/20260925_134200.WAV,3520800,e903bc9ce045f0df4cc5cba1c1fd7e2b4cc922fbc9041c84c758bf21b71ac1e8,s3://audiomoth/EMBUNGD/2026-09-25/20260925_134200.WAV,EMBUNGD_20260925_134200
EMBUNGD_20260925_134300,EMBUNGD,2026-09-25T06:43:00Z,data/raw/audiomoth/robustness/embung d/20260925_134300.WAV,3520800,2091be74a045510c987102fa257b189e628cc5bc0dcbda5fff04fa67e14d2a3f,s3://audiomoth/EMBUNGD/2026-09-25/20260925_134300.WAV,EMBUNGD_20260925_134300
EMBUNGD_20260925_134400,EMBUNGD,2026-09-25T06:44:00Z,data/raw/audiomoth/robustness/embung d/20260925_134400.WAV,3520800,c53d24fe5fba422dfc7a47a5416d7cbe25565cacb225e1ef46de9323d4fbae44,s3://audiomoth/EMBUNGD/2026-09-25/20260925_134400.WAV,EMBUNGD_20260925_134400
EMBUNGD_20260925_134500,EMBUNGD,2026-09-25T06:45:00Z,data/raw/audiomoth/robustness/embung d/20260925_134500.WAV,3520800,cda3efb8da81f88872431ab4c60f546672676709bf6098d29c5ec41defb9b0f2,s3://audiomoth/EMBUNGD/2026-09-25/20260925_134500.WAV,EMBUNGD_20260925_134500
EMBUNGD_20260925_134600,EMBUNGD,2026-09-25T06:46:00Z,data/raw/audiomoth/robustness/embung d/20260925_134600.WAV,3520800,ef7ca9c64180169e2df35a3ec763cd9491e5ba7c96a23907561c3bb4d0f02012,s3://audiomoth/EMBUNGD/2026-09-25/20260925_134600.WAV,EMBUNGD_20260925_134600
EMBUNGD_20260925_134700,EMBUNGD,2026-09-25T06:47:00Z,data/raw/audiomoth/robustness/embung d/20260925_134700.WAV,3520800,18b6b6460fedd28da84e3afb6f741b46c6c443a8377707280500f1735b0f4e37,s3://audiomoth/EMBUNGD/2026-09-25/20260925_134700.WAV,EMBUNGD_20260925_134700
EMBUNGD_20260925_134800,EMBUNGD,2026-09-25T06:48:00Z,data/raw/audiomoth/robustness/embung d/20260925_134800.WAV,3520800,db1e1366994b2aba2d6c602fa1c145781818fe60d1266e3b15ad1f0694ab84b6,s3://audiomoth/EMBUNGD/2026-09-25/20260925_134800.WAV,EMBUNGD_20260925_134800
EMBUNGD_20260925_134900,EMBUNGD,2026-09-25T06:49:00Z,data/raw/audiomoth/robustness/embung d/20260925_134900.WAV,3520800,8e2bfb0ea004412636d857a1a4812dee0175bac1dff825351781eeca35a48352,s3://audiomoth/EMBUNGD/2026-09-25/20260925_134900.WAV,EMBUNGD_20260925_134900
EMBUNGD_20260925_135830,EMBUNGD,2026-09-25T06:58:30Z,data/raw/audiomoth/robustness/embung d/20260925_135830.WAV,488,79655794d584ea4776db4ee4b4109b04320bd4c9518306bfadc18ede94c71b85,s3://audiomoth/EMBUNGD/2026-09-25/20260925_135830.WAV,EMBUNGD_20260925_135830
